time,frame,distance_m,contact
1760322172.1581132,314,0.07273160875837417,0
1760322172.2228813,315,0.07273160875837417,0
1760322172.287634,316,0.07127788557147882,0
1760322172.7815237,324,0.06432495944935443,0
1760322172.8442793,325,0.06432495944935443,0
1760322173.7179947,338,0.051991824700743636,0
1760322173.7799075,339,0.05716882477273781,0
1760322173.8424501,340,0.04309961600924336,0
1760322173.9053967,341,0.0459630139872014,0
1760322173.9668748,342,0.0459630139872014,0
1760322174.027455,343,0.04327843281789421,0
1760322174.0892713,344,0.04141424372417959,0
1760322174.1500251,345,0.04582047558066627,0
1760322174.212024,346,0.04255657572131495,0
1760322174.2759829,347,0.05263488479451304,0
1760322174.3374467,348,0.05263488479451304,0
1760322174.526354,351,0.06388875102483371,0
1760322174.587372,352,0.06098615295974469,0
1760322174.6508214,353,0.05318793415185075,0
1760322174.7110226,354,0.05318793415185075,0
1760322174.777475,355,0.06306438371003195,0
1760322174.836637,356,0.06306438371003195,0
1760322178.2750561,411,0.06269029877602214,0
1760322178.9214,421,0.06855077323464875,0
1760322178.9772348,422,0.06855077323464875,0
1760322179.0389276,423,0.06855077323464875,0
1760322179.1619318,425,0.06062310573850696,0
1760322180.5633729,447,0.05711841795007601,0
1760322190.2451167,601,0.012825341122664341,0
1760322190.3083665,602,0.011844379089084832,0
1760322190.3714597,603,0.011844379089084832,0
1760322190.4343529,604,0.010284691801352087,0
1760322190.4960608,605,0.016743523746627624,0
1760322190.5613523,606,0.016743523746627624,0
1760322190.6211834,607,0.016743523746627624,0
1760322190.6827211,608,0.016743523746627624,0
1760322190.7442875,609,0.016743523746627624,0
1760322190.806922,610,0.016743523746627624,0
1760322190.8672025,611,0.017217000483160785,0
1760322190.9301393,612,0.013164226046270586,0
1760322190.9920466,613,0.012652570632608537,0
1760322191.052664,614,0.016743523746627624,0
1760322191.1163354,615,0.016743523746627624,0
1760322191.1758354,616,0.013164226046270586,0
1760322191.2387252,617,0.013164226046270586,0
1760322191.301116,618,0.013164226046270586,0
1760322191.3636482,619,0.013164226046270586,0
1760322191.4263394,620,0.010284691801352087,0
1760322191.486665,621,0.023312507410723056,0
1760322191.5494268,622,0.021943432728039024,0
1760322191.6117883,623,0.021943432728039024,0
1760322191.675189,624,0.014107444600550398,0
1760322191.7385638,625,0.014107444600550398,0
1760322191.8007321,626,0.019487816995417725,0
1760322192.6568332,639,0.006898636794766086,0
1760322192.7189236,640,0.0054950478753591075,0
1760322192.7815626,641,0.0054950478753591075,0
1760322192.84259,642,0.020445759167322868,0
1760322193.090852,646,0.002350899855073134,1
1760322193.2182508,648,0.007658421772795972,0
1760322193.278527,649,0.0026621617497329733,1
1760322193.3424597,650,0.0005539392505170618,1
1760322193.404053,651,0.0005539392505170618,1
1760322193.4658418,652,0.004023187221966748,1
1760322193.5283687,653,0.0007907374629914019,1
1760322193.6055562,654,0.0007082891441701003,1
1760322193.6702816,655,0.00015917626460833917,1
1760322193.7465906,656,0.0014711051187213386,1
1760322193.8080757,657,0.0014711051187213386,1
1760322193.871638,658,0.0002329094324120956,1
1760322193.9461477,659,0.0036747253581220843,1
1760322194.0086336,660,0.004657402933771634,1
1760322194.0710273,661,0.002972235662481247,1
1760322194.146562,662,0.0008722750978511495,1
1760322194.2078788,663,0.0008722750978511495,1
1760322194.2691364,664,0.00010182027848696512,1
1760322194.3307357,665,0.002795396533667359,1
1760322194.393648,666,0.0025230095052160492,1
1760322194.4585078,667,0.0025230095052160492,1
1760322194.5187788,668,0.00259005609303814,1
1760322194.5837355,669,0.0016723334168963072,1
1760322194.64405,670,0.0007305172279211819,1
1760322194.7043657,671,0.0069519358220793415,0
1760322194.769633,672,0.0069519358220793415,0
1760322194.8307033,673,9.96725558506939e-05,1
1760322194.8946016,674,0.0006217045717875971,1
1760322194.9595366,675,0.003374740876682457,1
1760322195.0211582,676,0.0029079242397625008,1
1760322195.0824928,677,0.0012181088989325836,1
1760322195.1468487,678,0.0012181088989325836,1
1760322195.2098656,679,0.014936316715743268,0
1760322195.2706885,680,0.0016368455247882246,1
1760322195.3333101,681,0.006375736783445565,0
1760322195.3955612,682,0.003124094788377156,1
1760322195.4589953,683,0.011171482911760497,0
1760322195.5226839,684,0.011171482911760497,0
1760322195.583279,685,0.005886696243457494,0
1760322195.6430655,686,0.005886696243457494,0
1760322195.7095988,687,0.0018416959524827983,1
1760322195.7717593,688,0.0018416959524827983,1
1760322195.832583,689,0.004307655145846356,1
1760322195.8948393,690,0.006688422189433524,0
1760322195.9562228,691,0.0018138249933208062,1
1760322196.034793,692,0.012047928017377786,0
1760322196.0962718,693,0.0007175123134387576,1
1760322196.1583838,694,0.0007175123134387576,1
1760322196.2221367,695,0.012118400511287028,0
1760322196.2829616,696,0.0009694216780882364,1
1760322196.3469086,697,0.002393513577747794,1
1760322196.409092,698,0.0016468076945974214,1
1760322196.4734476,699,0.0027593443560179204,1
1760322196.5352995,700,0.0027593443560179204,1
1760322196.5990262,701,0.00048457089714815105,1
1760322196.6594107,702,0.003464985263695021,1
1760322196.7208068,703,0.004335696263208073,1
1760322196.7829762,704,0.004335696263208073,1
1760322196.861646,705,0.0039030113842689965,1
1760322196.923033,706,0.0039030113842689965,1
1760322196.9876966,707,0.00012828666638261405,1
1760322197.0483775,708,0.00012828666638261405,1
1760322197.1094627,709,0.0044760536630033265,1
1760322197.1730664,710,0.004807360971514227,1
1760322197.2353787,711,0.0046741328730960305,1
1760322197.2989414,712,0.006398572051410409,0
1760322197.3621225,713,0.005075504028211067,0
1760322197.4232814,714,0.005075504028211067,0
1760322197.4850292,715,0.006295161166292633,0
1760322197.5471182,716,0.0025959703256202976,1
1760322197.6093159,717,0.002993195036347117,1
1760322197.6706731,718,0.007100570442986648,0
1760322197.7494345,719,0.004617101445350422,1
1760322197.8115246,720,0.004617101445350422,1
1760322197.8725574,721,0.0054042390699160225,0
1760322197.9347358,722,0.0033165713894478463,1
1760322197.997349,723,0.003227928870537307,1
1760322198.0587852,724,0.003227928870537307,1
1760322198.1231391,725,0.003227928870537307,1
1760322198.182925,726,0.00484619911319676,1
1760322198.2448418,727,0.0033318169557663493,1
1760322198.3095295,728,0.0064140923770825906,0
1760322198.3697698,729,0.0064140923770825906,0
1760322198.4315462,730,7.512085319516526e-05,1
1760322198.4930158,731,7.512085319516526e-05,1
1760322198.5575595,732,0.004196991168366734,1
1760322198.6181736,733,0.0025627601273007783,1
1760322198.6812315,734,0.005850350115252034,0
1760322198.7426088,735,0.005850350115252034,0
1760322198.804813,736,0.001661781991424284,1
1760322198.867146,737,0.001661781991424284,1
1760322198.9294102,738,0.002270398035645077,1
1760322198.9912214,739,0.002139406171844299,1
1760322199.0529993,740,0.003443265689309305,1
1760322199.1148036,741,0.003443265689309305,1
1760322199.1799247,742,0.005565454327462839,0
1760322199.241714,743,0.004603650280534423,1
1760322199.3033078,744,0.007298699475488793,0
1760322199.3671951,745,0.007298699475488793,0
1760322199.4272733,746,0.0035797611882210437,1
1760322199.4909813,747,0.0018674506470050395,1
1760322199.5527031,748,0.0037594588219152306,1
1760322199.615537,749,0.005705052206525431,0
1760322199.6789773,750,0.006044991058286792,0
1760322199.7549958,751,0.006044991058286792,0
1760322199.8169398,752,0.0016171408723034686,1
1760322199.8795817,753,0.005071077685257136,0
1760322199.9428623,754,0.008398271556875593,0
1760322200.0031102,755,0.00574149552376662,0
1760322200.0674882,756,0.007722491009004934,0
1760322200.129365,757,0.007722491009004934,0
1760322200.1917017,758,0.007590566730623527,0
1760322200.2530303,759,0.006729227399777493,0
1760322200.3153052,760,0.006523423534891215,0
1760322200.3753355,761,0.006523423534891215,0
1760322200.4383373,762,0.003264242727122925,1
1760322200.5014038,763,0.0005850602174443109,1
1760322200.7518203,767,0.00779935552786893,0
1760322200.8145738,768,0.007098407193263594,0
1760322200.8783438,769,0.00425896825535492,1
1760322200.9399176,770,0.005200020754863421,0
1760322201.0012567,771,0.005200020754863421,0
1760322201.06334,772,0.006138307694013467,0
1760322201.1263747,773,0.002583177000752508,1
1760322201.196676,774,0.0033478929221190876,1
1760322201.2672713,775,0.0024733168761642207,1
1760322201.329421,776,0.0008210513142795778,1
1760322201.391653,777,0.0008210513142795778,1
1760322201.452978,778,0.002905294751384832,1
1760322201.517621,779,0.003126092570945531,1
1760322201.5947638,780,0.00944805403153278,0
1760322201.6598115,781,0.00944805403153278,0
1760322201.7188518,782,0.00944805403153278,0
1760322201.7817316,783,0.006757560152509598,0
1760322201.8452146,784,0.00952283866766302,0
1760322201.9067395,785,0.008114063917593513,0
1760322201.9675922,786,0.008114063917593513,0
1760322202.029848,787,0.003608640149671223,1
1760322202.1105099,788,0.003608640149671223,1
1760322202.1688373,789,0.014346044055320917,0
1760322202.2334886,790,0.010528881465631836,0
1760322202.29531,791,0.0077132760137033525,0
1760322202.3574808,792,0.0077132760137033525,0
1760322202.418675,793,0.006459836346821048,0
1760322202.482284,794,0.006459836346821048,0
1760322202.5454645,795,0.01352111895545998,0
1760322202.6079173,796,0.015947896707844536,0
1760322202.6742988,797,0.019012872083924846,0
1760322202.7797837,798,0.019012872083924846,0
1760322202.8397691,799,0.020190487612372035,0
1760322202.9046278,800,0.020190487612372035,0
1760322202.9649506,801,0.021009411171850456,0
1760322203.0299711,802,0.019796901830092056,0
1760322203.0899909,803,0.020104164247153354,0
1760322203.15303,804,0.020104164247153354,0
1760322203.2297268,805,0.02067729518103481,0
1760322203.2930794,806,0.02067729518103481,0
1760322203.3532994,807,0.030012123218594578,0
1760322203.4180834,808,0.025215861345208437,0
1760322203.4802113,809,0.02834655748991828,0
1760322203.541711,810,0.02834655748991828,0
1760322203.6032922,811,0.02868062414774428,0
1760322203.6670237,812,0.02868062414774428,0
1760322203.7284827,813,0.02876149303976181,0
1760322203.7911744,814,0.029880682434466142,0
1760322203.8539798,815,0.02295059939342211,0
1760322203.927681,816,0.02295059939342211,0
1760322203.994702,817,0.025883368800602314,0
1760322204.053845,818,0.023930578862101794,0
1760322204.1145442,819,0.023187568893365672,0
1760322204.175356,820,0.023187568893365672,0
1760322204.2416167,821,0.01979105096574464,0
1760322204.3017604,822,0.012610164009573425,0
1760322204.3633084,823,0.009996834587885809,0
1760322204.4251626,824,0.022454572267987548,0
1760322204.48655,825,0.019728396964152378,0
1760322204.5500922,826,0.019728396964152378,0
1760322204.611067,827,0.021070548668541418,0
1760322204.6731052,828,0.019955190831000454,0
1760322204.7354543,829,0.009696880195488661,0
1760322204.8010967,830,0.022268089018214043,0
1760322204.8615987,831,0.016336741848083237,0
1760322204.923351,832,0.016336741848083237,0
1760322204.987928,833,0.013980361999255217,0
1760322205.0521219,834,0.013980361999255217,0
1760322205.110302,835,0.012034492252431233,0
1760322205.1718674,836,0.01157013738916006,0
1760322205.2335923,837,0.012399363673445796,0
1760322205.295314,838,0.008837545278832418,0
1760322205.3561935,839,0.004909048909352669,1
1760322205.418468,840,0.004909048909352669,1
1760322205.4811082,841,0.010624534542928409,0
1760322205.543835,842,0.010559775360478547,0
1760322205.6030238,843,0.007121686280467887,0
1760322205.6657994,844,0.005579202515161783,0
1760322205.7287896,845,0.004993214760722141,1
1760322205.7916107,846,0.004993214760722141,1
1760322205.8698423,847,0.005889365247889855,0
1760322205.9338605,848,0.0038877461975466293,1
1760322206.0102496,849,0.004177794337664631,1
1760322206.072425,850,0.005100560515164301,0
1760322206.135344,851,0.0049235154270088205,1
1760322206.2118595,852,0.0049235154270088205,1
1760322206.2741885,853,0.005532552425228321,0
1760322206.3382635,854,0.005028380238291767,0
1760322206.399886,855,0.003017866425589391,1
1760322206.462178,856,0.006189914368848592,0
1760322206.5239296,857,0.0034372675437297773,1
1760322206.58778,858,0.0034372675437297773,1
1760322206.648443,859,0.005165338415567235,0
1760322206.709936,860,0.004175085007168181,1
1760322206.773789,861,0.004175085007168181,1
1760322206.8357515,862,0.003921942999998526,1
1760322206.896561,863,0.003921942999998526,1
1760322206.9600494,864,0.007482970482520081,0
1760322207.0224967,865,0.004460239429499267,1
1760322207.0835829,866,0.005772948502696433,0
1760322207.145447,867,0.005772948502696433,0
1760322207.209041,868,0.005654310353801598,0
1760322207.2725084,869,0.005654310353801598,0
1760322207.3473566,870,0.003974907835098639,1
1760322207.4102936,871,0.009746598140747426,0
1760322207.4715738,872,0.00884561997113149,0
1760322207.5356026,873,0.00884561997113149,0
1760322207.6002293,874,0.010353818183927919,0
1760322207.662969,875,0.010353818183927919,0
1760322207.7245386,876,0.007933407678670564,0
1760322207.788338,877,0.007933407678670564,0
1760322207.850049,878,0.007201351841451955,0
1760322207.9129257,879,0.014287161177798852,0
1760322207.9899616,880,0.008400946077062196,0
1760322208.0536232,881,0.012701142360174323,0
1760322208.1284387,882,0.008842354210896661,0
1760322208.395753,886,0.005025877194071328,0
1760322208.476012,887,0.008255881980382192,0
1760322208.56524,888,0.1558957980823344,0
1760322208.627179,889,0.007933708854591876,0
1760322208.691466,890,0.1490827365610336,0
1760322208.751815,891,0.002952921003735221,1
1760322208.8139029,892,0.0009928912028794729,1
1760322208.8799243,893,0.0009928912028794729,1
1760322208.9410226,894,0.005369697806571563,0
1760322209.2530482,899,0.019297057468212187,0
1760322209.314591,900,0.02769164892400651,0
1760322209.376149,901,0.02769164892400651,0
1760322209.4404569,902,0.0455437632454343,0
1760322209.503226,903,0.022233658711838772,0
1760322209.5786707,904,0.015693880803250466,0
1760322209.6383042,905,0.019875952401639863,0
1760322209.7022948,906,0.00808203006115964,0
1760322209.762543,907,0.00808203006115964,0
1760322209.8251057,908,0.005655903161431355,0
1760322209.8881593,909,0.023927300047029778,0
1760322209.9511652,910,0.018756083520674326,0
1760322210.0145144,911,0.0235134718038233,0
1760322210.0769024,912,0.018654575311036065,0
1760322210.1389523,913,0.018654575311036065,0
1760322210.2165387,914,0.019499365457685575,0
1760322210.2813723,915,0.017303442146181652,0
1760322210.344629,916,0.013485875261938784,0
1760322210.4058557,917,0.011206352841486421,0
1760322210.4687061,918,0.015447003172158264,0
1760322210.5314996,919,0.015447003172158264,0
1760322210.6538274,921,0.030131911183396767,0
1760322210.9204364,925,0.04127499210852377,0
1760322210.9823337,926,0.03609785955770871,0
1760322211.0439372,927,0.03609785955770871,0
1760322211.1065698,928,0.05622186230419266,0
1760322211.1680465,929,0.03627076705632479,0
1760322211.2295337,930,0.03627076705632479,0
1760322211.2925286,931,0.12744481880225542,0
1760322211.3539348,932,0.0307572844340654,0
1760322211.4163096,933,0.0307572844340654,0
1760322211.478878,934,0.04475789569347026,0
1760322211.5412896,935,0.01836426525565389,0
1760322211.6025014,936,0.01836426525565389,0
1760322211.6643665,937,0.01788311563649002,0
1760322211.8524854,940,0.021795910762710837,0
1760322211.974413,942,0.024959849587428022,0
1760322212.0372744,943,0.018497216462594376,0
1760322212.099898,944,0.018497216462594376,0
1760322212.164394,945,0.00783069411725187,0
1760322212.2406564,946,0.0008635640321720973,1
1760322212.3030634,947,0.003051518732514403,1
1760322212.3642282,948,0.004602265066196134,1
1760322212.4274507,949,0.08902938966102947,0
1760322212.490668,950,0.08902938966102947,0
1760322212.5529401,951,0.00029145695808448094,1
1760322212.6146655,952,0.01180534425721064,0
1760322212.6789396,953,0.014183905172976258,0
1760322212.741345,954,0.00205671427083737,1
1760322212.8028886,955,0.0030773639732633324,1
1760322212.8641138,956,0.0030773639732633324,1
1760322212.9261158,957,0.011932071703924923,0
1760322212.988427,958,0.012811619187154226,0
1760322213.0534215,959,0.005279626674285424,0
1760322213.1147864,960,0.005279626674285424,0
1760322213.1763349,961,0.016310276255046007,0
1760322213.2410555,962,0.016568190193876974,0
1760322213.3029737,963,0.015490345183116679,0
1760322213.3627343,964,0.015490345183116679,0
1760322213.4247952,965,0.01746275082201912,0
1760322213.4877195,966,0.0055176661504759235,0
1760322213.551107,967,0.017508590053902658,0
1760322213.6133652,968,0.016640981898355094,0
1760322213.6748207,969,0.014365779941081189,0
1760322213.7392187,970,0.014365779941081189,0
1760322213.8026807,971,0.013464363055220445,0
1760322213.8798969,972,0.016696194768644534,0
1760322213.9412491,973,0.014799741121881146,0
1760322214.003232,974,0.009869915418376934,0
1760322214.0674608,975,0.00322506456377495,1
1760322214.1307452,976,0.00322506456377495,1
1760322214.2097588,977,0.006928502824453818,0
1760322214.2826338,978,0.0131243046262026,0
1760322214.3474486,979,0.01111208952429176,0
1760322214.4088397,980,0.007774482286506336,0
1760322214.4718761,981,0.005260562110553156,0
1760322214.531346,982,0.005260562110553156,0
1760322214.5949662,983,0.007443967554019048,0
1760322214.6568155,984,0.007960043845331761,0
1760322214.7342072,985,0.005895274109186956,0
1760322214.7972155,986,0.005938788054446094,0
1760322214.8621876,987,0.0050852947428137105,0
1760322214.92434,988,0.0050852947428137105,0
1760322214.9845908,989,0.008046480297122583,0
1760322215.0459476,990,0.008046480297122583,0
1760322215.1102817,991,0.0051076469894537286,0
1760322215.171359,992,0.011866879807366056,0
1760322215.2357695,993,0.011866879807366056,0
1760322215.3153572,994,0.0014074691853949751,1
1760322215.3748648,995,0.007776783095074728,0
1760322215.436735,996,0.007776783095074728,0
1760322215.5017188,997,0.00010251863365711572,1
1760322215.5632946,998,0.004760318470328834,1
1760322215.6258388,999,0.004760318470328834,1
1760322215.6869812,1000,0.00537276900097783,0
1760322215.7490933,1001,0.0026555431532559823,1
1760322215.8114042,1002,0.0026555431532559823,1
1760322215.8752043,1003,0.0014016377681821054,1
1760322215.9371438,1004,0.006713949596552457,0
1760322216.001637,1005,0.006713949596552457,0
1760322216.0632706,1006,0.0014664189757315794,1
1760322216.1252031,1007,0.0018825124683692074,1
1760322216.1891546,1008,0.0018825124683692074,1
1760322216.253515,1009,0.0059534109794374,0
1760322216.3114655,1010,0.00019990253681968946,1
1760322216.3888605,1011,0.0003922029704308428,1
1760322216.4511862,1012,0.0005678378036674519,1
1760322216.515517,1013,0.0005678378036674519,1
1760322216.5780652,1014,0.004865739316805846,1
1760322216.6401377,1015,0.0009894153327264996,1
1760322216.7042532,1016,0.0006109673074334021,1
1760322216.7651658,1017,0.0038435900480725156,1
1760322216.8265028,1018,0.00023919327100585357,1
1760322216.8917985,1019,0.00023919327100585357,1
1760322216.9673011,1020,0.0012234075947089272,1
1760322217.0321982,1021,0.00469302064613834,1
1760322217.094093,1022,0.0046767953102948585,1
1760322217.1549218,1023,0.0037495675127544644,1
1760322217.2173843,1024,0.005157390514380241,0
1760322217.2796226,1025,0.005157390514380241,0
1760322217.3415942,1026,0.0027310090403200316,1
1760322217.4172726,1027,0.0011421634428999579,1
1760322217.481649,1028,0.005809111961869062,0
1760322217.5576015,1029,0.0062518824202022205,0
1760322217.622112,1030,7.412415322017273e-05,1
1760322217.683231,1031,7.412415322017273e-05,1
1760322217.745346,1032,0.0038758469152115095,1
1760322217.8092067,1033,0.0022890679829170365,1
1760322217.871602,1034,0.005252365060202012,0
1760322217.9339626,1035,0.0038758469152115095,1
1760322217.9968662,1036,0.0036337573024015756,1
1760322218.0625122,1037,0.0036337573024015756,1
1760322218.1255934,1038,0.004024753394734657,1
1760322218.1855493,1039,0.004024753394734657,1
1760322218.2481024,1040,0.0014712716770444983,1
1760322218.3118558,1041,0.005353977268704428,0
1760322218.3919666,1042,0.0017055793601262418,1
1760322218.4629161,1043,0.001483405872246029,1
1760322218.527787,1044,7.754738636246011e-05,1
1760322218.588367,1045,0.001884763998815847,1
1760322218.6537545,1046,0.0004957308213019308,1
1760322218.7121487,1047,0.0004957308213019308,1
1760322218.7749438,1048,0.0010505122113651979,1
1760322218.8361728,1049,0.001884763998815847,1
1760322218.9020274,1050,0.0041973125029163404,1
1760322218.964399,1051,0.0041973125029163404,1
1760322219.0260952,1052,0.002576451114194288,1
1760322219.0892327,1053,0.0062577017353482,0
1760322219.1669629,1054,0.0049909887489576876,1
1760322219.23173,1055,0.0020449247483392535,1
1760322219.2937407,1056,0.0016435710777612592,1
1760322219.3551939,1057,0.0016435710777612592,1
1760322219.4195209,1058,0.000836727989339741,1
1760322219.4820187,1059,0.004410258186746657,1
1760322219.5453737,1060,0.014558394162113814,0
1760322219.6053572,1061,0.007495141019263443,0
1760322219.6694121,1062,0.0023223592331076976,1
1760322219.7497334,1063,0.0023223592331076976,1
1760322219.8123918,1064,0.003196858446055568,1
1760322219.872448,1065,0.005010809219389817,0
1760322219.936441,1066,0.004717146358105601,1
1760322219.997574,1067,0.004717146358105601,1
1760322220.0594964,1068,0.004717146358105601,1
1760322220.1225672,1069,0.00589017438808187,0
1760322220.1830373,1070,0.0012712134967329605,1
1760322220.2457001,1071,0.0012712134967329605,1
1760322220.306561,1072,0.005837653118854773,0
1760322220.3728302,1073,0.0034684885877703017,1
1760322220.4475915,1074,0.0034684885877703017,1
1760322220.5083246,1075,0.0017467783456922136,1
1760322220.5718799,1076,0.0023638488267535805,1
1760322220.6360736,1077,0.0023638488267535805,1
1760322220.6980336,1078,0.005424349666935335,0
1760322220.7618437,1079,0.00317058557266121,1
1760322220.8240514,1080,0.00317058557266121,1
1760322220.8838894,1081,0.006329314168299991,0
1760322220.9455082,1082,0.002447131279567503,1
1760322221.0094857,1083,0.002447131279567503,1
1760322221.0706882,1084,0.0001800364063029372,1
1760322221.1339157,1085,0.0002282895486862696,1
1760322221.1951985,1086,0.0002282895486862696,1
1760322221.2557077,1087,0.001195511875375423,1
1760322221.3184197,1088,0.001195511875375423,1
1760322221.3825116,1089,0.0010007437971298536,1
1760322221.4428315,1090,0.0009545100312287821,1
1760322221.5062377,1091,0.000997182253623748,1
1760322221.5845592,1092,0.0025785678905490012,1
1760322221.6935647,1093,0.0005671637390739018,1
1760322221.7696288,1094,0.0013385196846638359,1
1760322221.8309476,1095,0.0013385196846638359,1
1760322221.894772,1096,0.0012084882826274845,1
1760322221.95474,1097,0.0026830056760157924,1
1760322222.015514,1098,0.0026830056760157924,1
1760322222.0761893,1099,0.0007557777204391745,1
1760322222.1404507,1100,0.00417349491281783,1
1760322222.2040539,1101,0.00417349491281783,1
1760322222.2682405,1102,0.003733982262512099,1
1760322222.3281112,1103,0.004740779069753875,1
1760322222.389226,1104,0.00021204546116706906,1
1760322222.4540753,1105,0.0038533143154173034,1
1760322222.5160282,1106,0.0038533143154173034,1
1760322222.5764654,1107,0.0009286829772119001,1
1760322222.6401079,1108,0.0068919329231362444,0
1760322222.70496,1109,0.002204351655264487,1
1760322222.7662735,1110,0.00454406880026257,1
1760322222.8273761,1111,0.005200144267900915,0
1760322222.8896506,1112,0.005200144267900915,0
1760322222.9505286,1113,0.006275198049456957,0
1760322223.0155854,1114,0.005590582389308502,0
1760322223.078016,1115,0.005771885233968715,0
1760322223.1386652,1116,0.0037721184848693422,1
1760322223.2008173,1117,0.0054430803706902505,0
1760322223.2639203,1118,0.0054430803706902505,0
1760322223.3260875,1119,0.005797751842796425,0
1760322223.3901806,1120,0.005797751842796425,0
1760322223.4478745,1121,0.0013587813596769704,1
1760322223.511509,1122,0.0009944774224770105,1
1760322223.57391,1123,0.0009944774224770105,1
1760322223.6358793,1124,0.004821689689760225,1
1760322223.6998916,1125,0.002388450861125449,1
1760322223.7622206,1126,0.002388450861125449,1
1760322223.8252683,1127,0.004463824471619818,1
1760322223.8849256,1128,1.6516759762967223e-05,1
1760322223.9468384,1129,1.6516759762967223e-05,1
1760322224.0084336,1130,0.0030526357112552714,1
1760322224.072161,1131,0.004927344658210287,1
1760322224.1349785,1132,0.004927344658210287,1
1760322224.1978805,1133,0.002419577949905674,1
1760322224.2633,1134,0.002419577949905674,1
1760322224.3410985,1135,0.0019624898455433745,1
1760322224.404129,1136,0.0011886563962005287,1
1760322224.4661868,1137,0.002129462937043634,1
1760322224.5302296,1138,0.002129462937043634,1
1760322224.590859,1139,0.004463824471619818,1
1760322224.6676311,1140,0.004463824471619818,1
1760322224.7362185,1141,0.0002216666155618087,1
1760322224.8116138,1142,0.0006019507983133672,1
1760322224.8722975,1143,0.0006019507983133672,1
1760322224.9343069,1144,0.0006019507983133672,1
1760322224.9957893,1145,4.811374601861734e-05,1
1760322225.0609298,1146,4.811374601861734e-05,1
1760322225.1235175,1147,0.005005868980069788,0
1760322225.185645,1148,0.0023578287044139345,1
1760322225.24823,1149,0.0023578287044139345,1
1760322225.3132684,1150,8.184665080882524e-05,1
1760322225.373295,1151,0.003991125423675267,1
1760322225.4358342,1152,0.003991125423675267,1
1760322225.4984782,1153,0.001572891765048625,1
1760322225.5601435,1154,0.0015769357124773738,1
1760322225.6223953,1155,0.0015769357124773738,1
1760322225.684506,1156,0.0007594968403197514,1
1760322225.7463863,1157,0.016777447016771724,0
1760322225.8084667,1158,0.016777447016771724,0
1760322225.8707173,1159,0.0019526836421754745,1
1760322225.9332101,1160,0.014757138393092492,0
1760322225.994545,1161,0.0007315952600852448,1
1760322226.0565932,1162,0.004149719291578327,1
1760322226.1189842,1163,0.004149719291578327,1
1760322226.1830623,1164,0.003902492529233916,1
1760322226.2428744,1165,0.0032057505572294885,1
1760322226.3073926,1166,0.001211848418174637,1
1760322226.3673887,1167,0.005474897157862986,0
1760322226.4321482,1168,0.006762596334576845,0
1760322226.494231,1169,0.006762596334576845,0
1760322226.55587,1170,0.005517305605172523,0
1760322226.6183825,1171,0.0062579850529348655,0
1760322226.6944177,1172,0.007656950535170518,0
1760322226.755584,1173,0.0042399542937172924,1
1760322226.8188825,1174,0.006521882345179197,0
1760322226.8822317,1175,0.006521882345179197,0
1760322226.9441714,1176,0.0065844016178289826,0
1760322227.006001,1177,0.005357080286170487,0
1760322227.0703225,1178,0.007899655069791817,0
1760322227.1327965,1179,0.007899655069791817,0
1760322227.1940844,1180,0.007899655069791817,0
1760322227.2566645,1181,0.004446417588410348,1
1760322227.3181877,1182,0.0038537294164560313,1
1760322227.3831277,1183,0.0038537294164560313,1
1760322227.444786,1184,0.0048917908719894754,1
1760322227.5054865,1185,0.003580530652855702,1
1760322227.5671043,1186,0.003580530652855702,1
1760322227.6279926,1187,0.006144281969042787,0
1760322227.6929374,1188,0.004594254229345564,1
1760322227.7545872,1189,0.004594254229345564,1
1760322227.8146448,1190,0.006374623535542398,0
1760322227.876381,1191,0.00683062122604052,0
1760322227.9410856,1192,0.00683062122604052,0
1760322228.0030231,1193,0.0018571692775400366,1
1760322228.064536,1194,0.004856790372741348,1
1760322228.1265314,1195,0.004856790372741348,1
1760322228.1907961,1196,0.0055265339074370475,0
1760322228.252268,1197,0.0055265339074370475,0
1760322228.3147602,1198,0.0025894704193753174,1
1760322228.3760464,1199,0.0006019507983133672,1
1760322228.4411852,1200,0.0006019507983133672,1
1760322228.5024583,1201,0.0023428886306462796,1
1760322228.5651681,1202,0.0027776217395638104,1
1760322228.6265032,1203,0.0027776217395638104,1
1760322228.686657,1204,1.6516759762967223e-05,1
1760322228.7505891,1205,0.004383345436690217,1
1760322228.8083923,1206,0.004383345436690217,1
1760322228.8727293,1207,0.005548216285881705,0
1760322228.9344711,1208,0.003989775254259441,1
1760322228.9963455,1209,0.003989775254259441,1
1760322229.0617568,1210,0.007098798599094779,0
1760322229.1390254,1211,0.004689481169857632,1
1760322229.2162313,1212,0.004689481169857632,1
1760322229.2784984,1213,0.00235644120544312,1
1760322229.3387916,1214,0.003917315725083508,1
1760322229.4023783,1215,0.003917315725083508,1
1760322229.4782891,1216,0.0026443920540036876,1
1760322229.540827,1217,0.003438739933926691,1
1760322229.6189396,1218,0.003438739933926691,1
1760322229.683815,1219,0.0014103958862023824,1
1760322229.7611117,1220,0.0039724582082000005,1
1760322229.8224812,1221,0.0039724582082000005,1
1760322229.886812,1222,0.0022162272011802906,1
1760322229.9486947,1223,0.0039724582082000005,1
1760322230.013251,1224,0.0039724582082000005,1
1760322230.0748641,1225,0.0039724582082000005,1
1760322230.136281,1226,0.0021592429036305424,1
1760322230.2014077,1227,0.0021592429036305424,1
1760322230.2633402,1228,0.0035626970525173586,1
1760322230.3253963,1229,0.000601304075409188,1
1760322230.3863797,1230,0.004467064479838306,1
1760322230.4482846,1231,0.0039724582082000005,1
1760322230.5110683,1232,0.0039724582082000005,1
1760322230.5725703,1233,0.00037239414346302256,1
1760322230.634987,1234,0.0028783658971113027,1
1760322230.697042,1235,0.002505490371057741,1
1760322230.7591019,1236,0.00022593195608397107,1
1760322230.8232288,1237,0.0010182816614864552,1
1760322230.8832476,1238,0.0010182816614864552,1
1760322230.946556,1239,0.0022342189670294214,1
1760322231.0096908,1240,0.001991532610556516,1
1760322231.0711997,1241,0.003823394120416164,1
1760322231.1347806,1242,0.003823394120416164,1
1760322231.2131193,1243,0.005392836578981999,0
1760322231.2768536,1244,0.005392836578981999,0
1760322231.3510966,1245,0.002614481907010569,1
1760322231.4146848,1246,0.0029274804912505087,1
1760322231.4763033,1247,0.0021123275209273453,1
1760322231.5388575,1248,0.0056977773000597524,0
1760322231.6030128,1249,0.002982946970854798,1
1760322231.6649792,1250,0.002982946970854798,1
1760322231.726798,1251,0.00031630214586594874,1
1760322231.7906165,1252,0.00031630214586594874,1
1760322231.8507986,1253,0.0006360693261828806,1
1760322231.913757,1254,0.004685828692543878,1
1760322231.9765878,1255,0.004685828692543878,1
1760322232.0376942,1256,0.0039724582082000005,1
1760322232.1012325,1257,0.006636798380668361,0
1760322232.1630423,1258,0.006636798380668361,0
1760322232.2249541,1259,0.00492123931694035,1
1760322232.287364,1260,0.0035626970525173586,1
1760322232.349311,1261,0.0035626970525173586,1
1760322232.4109912,1262,0.002269513310753913,1
1760322232.472228,1263,0.0026688421009263778,1
1760322232.535236,1264,0.0026688421009263778,1
1760322232.5965834,1265,0.004160106988569164,1
1760322232.660941,1266,0.004160106988569164,1
1760322232.7212155,1267,0.0028397106179003043,1
1760322232.7841175,1268,0.012714500152116316,0
1760322232.8450797,1269,0.012714500152116316,0
1760322232.9073775,1270,0.0034560653991524727,1
1760322232.9841912,1271,0.002225545380669774,1
1760322233.0492032,1272,0.002225545380669774,1
1760322233.1099026,1273,0.0012733966072257241,1
1760322233.1742308,1274,0.0018931621111768042,1
1760322233.2362332,1275,0.0018931621111768042,1
1760322233.2973254,1276,0.0019934500608431473,1
1760322233.3588185,1277,0.001927471515005788,1
1760322233.4231524,1278,0.001927471515005788,1
1760322233.484133,1279,7.30750545317009e-05,1
1760322233.5456975,1280,0.002595884406261151,1
1760322233.6087618,1281,0.002595884406261151,1
1760322233.6882815,1282,0.008823640700346125,0
1760322233.7514377,1283,0.00109863478243768,1
1760322233.8098664,1284,0.00109863478243768,1
1760322233.8734672,1285,0.0002794735469506416,1
1760322233.935356,1286,0.0003031795317667476,1
1760322233.9990528,1287,0.0003031795317667476,1
1760322234.0589955,1288,0.0030467203259804364,1
1760322234.1227365,1289,0.0030467203259804364,1
1760322234.185077,1290,0.0015853931349264338,1
1760322234.3692226,1293,0.005494964193150004,0
1760322234.620584,1297,0.0005573419572721759,1
1760322234.6832552,1298,0.0005573419572721759,1
1760322234.7440712,1299,0.0017735957913724062,1
1760322234.9329646,1302,0.028356891478410473,0
1760322235.006242,1303,0.010386942133036923,0
1760322235.0705833,1304,0.010386942133036923,0
1760322235.1333625,1305,0.0030692135757846694,1
1760322235.195056,1306,0.0030692135757846694,1
1760322235.2570739,1307,0.005556333226652808,0
1760322235.3190188,1308,0.0018652275691827518,1
1760322235.3830469,1309,0.0018652275691827518,1
1760322235.4437625,1310,0.0004994314023237315,1
1760322235.6328192,1313,0.006861891168887531,0
1760322235.8188572,1316,0.0011016497114364789,1
1760322235.8829842,1317,0.0009825791136952467,1
1760322235.9457998,1318,0.0009825791136952467,1
1760322236.0066826,1319,0.0001578299219434226,1
1760322236.0688,1320,0.0019361988889148168,1
1760322236.1313028,1321,0.0019361988889148168,1
1760322236.1931562,1322,0.002762324345833525,1
1760322236.2543354,1323,0.002762324345833525,1
1760322236.317348,1324,0.0032768072731610906,1
1760322236.3813715,1325,0.002551390192032519,1
1760322236.4435937,1326,0.002551390192032519,1
1760322236.5060747,1327,0.002727960349922693,1
1760322236.5670822,1328,0.0031244278294491543,1
1760322236.6291437,1329,0.0031244278294491543,1
1760322236.690588,1330,0.0019361988889148168,1
1760322236.7517793,1331,0.0038856215770895312,1
1760322236.8139591,1332,0.0038856215770895312,1
1760322236.8777618,1333,0.0021119641352899607,1
1760322236.9387455,1334,0.0008265207796750267,1
1760322237.0034509,1335,0.0008265207796750267,1
1760322237.0657034,1336,0.0026675174563732876,1
1760322237.1415143,1337,0.004583453965145,1
1760322237.203523,1338,0.004583453965145,1
1760322237.2656841,1339,0.003244600235462188,1
1760322237.3273888,1340,0.0030980788185799163,1
1760322237.3892121,1341,0.0030980788185799163,1
1760322237.5778737,1344,0.0020884983573202023,1
1760322237.6419818,1345,0.0055621169669111785,0
1760322237.7022257,1346,0.0055621169669111785,0
1760322237.7658489,1347,0.0043244108430332585,1
1760322237.8283474,1348,0.02400965751612654,0
1760322237.8885498,1349,0.02400965751612654,0
1760322237.9536633,1350,0.002028613043754509,1
1760322238.0152912,1351,0.006211642226702563,0
1760322238.0751283,1352,0.006211642226702563,0
1760322238.1371179,1353,0.003662264667333461,1
1760322238.2151928,1354,0.010647471812669968,0
1760322238.2776365,1355,0.010647471812669968,0
1760322238.4032898,1357,0.0032759404286455147,1
1760322238.463491,1358,0.0032759404286455147,1
1760322238.526758,1359,0.002798132527145754,1
1760322238.5902395,1360,0.002798132527145754,1
1760322238.6539953,1361,0.0037013141102990588,1
1760322238.8393402,1364,0.00033275390841214225,1
1760322238.9036193,1365,0.0030939493878216345,1
1760322238.965544,1366,0.0030939493878216345,1
1760322239.0289261,1367,0.0012133937168694424,1
1760322239.090743,1368,0.0033364113013472016,1
1760322239.1545339,1369,0.0033364113013472016,1
1760322239.2938135,1371,0.004872078070581867,1
1760322239.3558352,1372,0.004872078070581867,1
1760322239.4160817,1373,0.0016967879711280581,1
1760322239.4791076,1374,0.002224213659637035,1
1760322239.5420272,1375,0.002224213659637035,1
1760322239.6035752,1376,0.0019264681413282848,1
1760322239.6635861,1377,0.0025607066919375258,1
1760322239.7277207,1378,0.0025607066919375258,1
1760322239.790116,1379,0.0019410950929607124,1
1760322239.8522751,1380,0.0019410950929607124,1
1760322239.9137895,1381,0.004646387033768608,1
1760322239.976024,1382,0.004411085336426441,1
1760322240.0383666,1383,0.004411085336426441,1
1760322240.1009355,1384,0.00048388607200167133,1
1760322240.164417,1385,0.0006722053800684892,1
1760322240.2399657,1386,0.0006722053800684892,1
1760322240.3030007,1387,0.0008659079023280343,1
1760322240.3665726,1388,0.002470327927808059,1
1760322240.4276977,1389,0.002470327927808059,1
1760322240.4917197,1390,0.003336983591714438,1
1760322240.553734,1391,0.0021939143571484652,1
1760322240.6152246,1392,0.0021939143571484652,1
1760322240.6783233,1393,0.0002068656800605067,1
1760322240.8635573,1396,0.0020317225410635582,1
1760322240.9258857,1397,0.0020317225410635582,1
1760322240.987911,1398,0.0020317225410635582,1
1760322241.0515888,1399,0.0029971967475136974,1
1760322241.1140993,1400,0.0029971967475136974,1
1760322241.1747031,1401,0.0012638915974603482,1
1760322241.23378,1402,0.002084011246901933,1
1760322241.2969441,1403,0.002084011246901933,1
1760322241.3618834,1404,0.001764059690350081,1
1760322241.4234936,1405,0.03643846542382036,0
1760322241.48737,1406,0.03643846542382036,0
1760322241.6132386,1408,0.002484965188135225,1
1760322241.6896262,1409,0.002484965188135225,1
1760322241.9381928,1413,0.0034729064562293455,1
1760322242.0016537,1414,0.0005880890483435687,1
1760322242.064027,1415,0.0005880890483435687,1
1760322242.297713,1418,0.0016934492337538735,1
1760322242.3595598,1419,0.0011528546458639266,1
1760322242.4230032,1420,0.0010304615938441994,1
1760322242.4846866,1421,0.0010304615938441994,1
1760322242.5458705,1422,0.001797854768774209,1
1760322242.6073523,1423,0.004235445468840046,1
1760322242.671052,1424,0.004235445468840046,1
1760322242.7361565,1425,0.0035122929778049934,1
1760322242.7993462,1426,0.0035122929778049934,1
1760322242.8602006,1427,0.005861429151673455,0
1760322242.9241877,1428,0.0035122929778049934,1
1760322242.9860632,1429,0.0035122929778049934,1
1760322243.0475106,1430,0.003887764696260048,1
1760322243.1098218,1431,0.0033381543528661003,1
1760322243.1745687,1432,0.0033381543528661003,1
1760322243.2338204,1433,0.005381312638610665,0
1760322243.2980895,1434,0.003160446450322537,1
1760322243.3590875,1435,0.003160446450322537,1
1760322243.4209094,1436,0.0028331213612273233,1
1760322243.4838963,1437,0.0027373542744785796,1
1760322243.546913,1438,0.0027373542744785796,1
1760322243.6074417,1439,0.0036328755186138366,1
1760322243.6688354,1440,0.00493369607891591,1
1760322243.7335198,1441,0.00493369607891591,1
1760322243.7962985,1442,0.002342843992470457,1
1760322243.8584085,1443,0.002342843992470457,1
1760322243.9197311,1444,0.0015803389512042514,1
1760322244.1078446,1447,0.001632795542416056,1
1760322244.169333,1448,0.00017280386731924335,1
1760322244.2319646,1449,0.00017280386731924335,1
1760322244.2940793,1450,0.004277454589654974,1
1760322244.3566148,1451,0.00238842197691682,1
1760322244.4178584,1452,0.00238842197691682,1
1760322244.4796972,1453,0.006701819416412921,0
1760322244.544507,1454,0.01013287939447313,0
1760322244.6082032,1455,0.01013287939447313,0
1760322244.6677432,1456,0.010520143633997793,0
1760322244.7303348,1457,0.010520143633997793,0
1760322244.792852,1458,0.009103665977176245,0
1760322244.8543036,1459,0.009891420873478685,0
1760322244.916069,1460,0.009891420873478685,0
1760322244.979143,1461,0.01152159899539299,0
1760322245.0422215,1462,0.010681368799433509,0
1760322245.1028712,1463,0.010681368799433509,0
1760322245.1667721,1464,0.010861808653677366,0
1760322245.354684,1467,0.012088474960035624,0
1760322245.4320173,1468,0.01088168135586615,0
1760322245.492206,1469,0.01088168135586615,0
1760322245.7463984,1473,0.009923890306014448,0
1760322245.8086789,1474,0.008630116792570695,0
1760322245.8721201,1475,0.008630116792570695,0
1760322245.9317787,1476,0.009667521480701038,0
1760322245.9942377,1477,0.009667521480701038,0
1760322246.054959,1478,0.009431215936215114,0
1760322246.116214,1479,0.006742743011342492,0
1760322246.178268,1480,0.006742743011342492,0
1760322246.2420678,1481,0.007192252178670047,0
1760322246.3042889,1482,0.008463084836623114,0
1760322246.3664756,1483,0.008463084836623114,0
1760322246.4905145,1485,0.008607385406300596,0
1760322246.55329,1486,0.008607385406300596,0
1760322246.6172633,1487,0.005187464437034649,0
1760322246.6777449,1488,0.0020210685165059604,1
1760322246.738335,1489,0.0020210685165059604,1
1760322246.9236777,1492,0.001618322052827633,1
1760322246.9863293,1493,0.003547875253957571,1
1760322247.0496287,1494,0.003547875253957571,1
1760322247.110275,1495,0.002809171704377793,1
1760322247.1719167,1496,0.0008453859851065091,1
1760322247.2344587,1497,0.0008453859851065091,1
1760322247.299073,1498,0.0035778573354636415,1
1760322247.499968,1501,5.2226376588190154e-06,1
1760322247.5610313,1502,0.00034453305970149825,1
1760322247.6230185,1503,0.00034453305970149825,1
1760322247.6865559,1504,6.297400047375681e-05,1
1760322247.7486737,1505,0.0010763991145718958,1
1760322247.810781,1506,0.0010763991145718958,1
1760322247.8726022,1507,0.0008122903495310779,1
1760322247.9365058,1508,0.0008122903495310779,1
1760322247.9967902,1509,0.0014123671615434118,1
1760322248.0586076,1510,0.0018081661181340112,1
1760322248.121974,1511,0.0018081661181340112,1
1760322248.2465713,1513,0.0022635128779545273,1
1760322248.3097138,1514,0.0022635128779545273,1
1760322248.3711214,1515,0.00037476192435495666,1
1760322248.4321864,1516,0.0028020293699999,1
1760322248.4946496,1517,0.0028020293699999,1
1760322248.556597,1518,0.0013745315710437418,1
1760322248.6184812,1519,0.0011547794933609423,1
1760322248.6822634,1520,0.0011547794933609423,1
1760322248.7459605,1521,0.0013745315710437418,1
1760322248.8065643,1522,0.0018113416042121293,1
1760322248.8698995,1523,0.0018113416042121293,1
1760322248.9323008,1524,0.002306871024451174,1
1760322248.9947762,1525,0.002306871024451174,1
1760322249.0568552,1526,0.0009296973037336651,1
1760322249.1186938,1527,0.0007484330511976882,1
1760322249.1815438,1528,0.0007484330511976882,1
1760322249.2433336,1529,0.0021699497933577363,1
1760322249.304709,1530,0.000602150678266267,1
1760322249.3807528,1531,0.000602150678266267,1
1760322249.445025,1532,0.00239169899615827,1
1760322249.6485133,1535,0.002086982000365511,1
1760322249.7093644,1536,0.0020485191627256406,1
1760322249.7730293,1537,0.0020485191627256406,1
1760322249.8346105,1538,0.004829549912691928,1
1760322250.021126,1541,0.002853292931760027,1
1760322250.0848842,1542,0.0033318968775545178,1
1760322250.1468413,1543,0.0033318968775545178,1
1760322250.209001,1544,0.004082906304602724,1
1760322250.2723532,1545,0.004082906304602724,1
1760322250.3308086,1546,0.005762917466563268,0
1760322250.3948486,1547,0.003754135946100882,1
1760322250.4568694,1548,0.003754135946100882,1
1760322250.5206845,1549,0.003377880428234113,1
1760322250.5822253,1550,0.005484843085371912,0
1760322250.6452017,1551,0.005484843085371912,0
1760322250.7068887,1552,0.006340250646948067,0
1760322250.768369,1553,0.004923387389530793,1
1760322250.8309026,1554,0.004923387389530793,1
1760322250.8912718,1555,0.006882650988761672,0
1760322250.954755,1556,0.024764556474303964,0
1760322251.016626,1557,0.024764556474303964,0
1760322251.0772028,1558,0.025074465496456713,0
1760322251.1399798,1559,0.10398204043996095,0
1760322251.1999426,1560,0.10398204043996095,0
1760322251.2651575,1561,0.10311377158469812,0
1760322251.3243196,1562,0.10311377158469812,0
1760322251.3865497,1563,0.03844691107764292,0
1760322251.4502206,1564,0.04598482672151441,0
1760322251.5155075,1565,0.04598482672151441,0
1760322251.5752738,1566,0.020320466090247645,0
1760322251.7771134,1569,0.027599557234931293,0
1760322251.838739,1570,0.027881626334563748,0
1760322251.9011717,1571,0.027881626334563748,0
1760322251.9645646,1572,0.025350857334817324,0
1760322252.0247672,1573,0.022414720996652968,0
1760322252.0865624,1574,0.022414720996652968,0
1760322252.149496,1575,0.024127564912173983,0
1760322252.2128139,1576,0.02310368169743729,0
1760322252.2748487,1577,0.02310368169743729,0
1760322252.3373625,1578,0.024615849232585807,0
1760322252.4004645,1579,0.024615849232585807,0
1760322252.463811,1580,0.020903655042952312,0
1760322252.647736,1583,0.016772550751910264,0
1760322252.7091122,1584,0.013292455874496071,0
1760322252.771354,1585,0.013292455874496071,0
1760322252.8348825,1586,0.014385857459102508,0
1760322252.945337,1587,0.009163832320501743,0
1760322253.0049875,1588,0.009163832320501743,0
1760322253.0668147,1589,0.011811498042849287,0
1760322253.1283405,1590,0.009855975225194546,0
1760322253.192821,1591,0.009855975225194546,0
1760322253.254953,1592,0.008334103366680862,0
1760322253.3182583,1593,0.008833473331491164,0
1760322253.3775132,1594,0.008833473331491164,0
1760322253.4386866,1595,0.009853277791276573,0
1760322253.5019724,1596,0.009000136109589642,0
1760322253.564954,1597,0.009000136109589642,0
1760322253.627467,1598,0.010752234294406013,0
1760322253.6853795,1599,0.005789298027827537,0
1760322253.74915,1600,0.005789298027827537,0
1760322253.8111851,1601,0.006646743479184956,0
1760322253.9992995,1604,0.004679970728468905,1
1760322254.0599172,1605,0.004679970728468905,1
1760322254.1210635,1606,0.004409687808712048,1
1760322254.1854627,1607,0.002929703006985397,1
1760322254.245096,1608,0.002929703006985397,1
1760322254.3093724,1609,0.003657561780988557,1
1760322254.3716118,1610,0.001909434269564702,1
1760322254.4354932,1611,0.001909434269564702,1
1760322254.4962456,1612,0.0022978909586551955,1
1760322254.5584795,1613,0.002439420979252864,1
1760322254.6213813,1614,0.002439420979252864,1
1760322254.6869812,1615,0.002219007622400423,1
1760322254.74619,1616,0.002929703006985397,1
1760322254.807134,1617,0.002929703006985397,1
1760322254.869565,1618,0.002219007622400423,1
1760322254.9480245,1619,0.007092603392547287,0
1760322255.0085099,1620,0.007092603392547287,0
1760322255.0723681,1621,0.0056890119359090255,0
1760322255.138361,1622,0.0056890119359090255,0
1760322255.19708,1623,0.00420310104096635,1
1760322255.2592149,1624,0.004905702228498125,1
1760322255.3215258,1625,0.004905702228498125,1
1760322255.3839674,1626,0.0038538008813854803,1
1760322255.4473076,1627,0.005758152220970812,0
1760322255.511344,1628,0.005758152220970812,0
1760322255.5757823,1629,0.0006685590632521977,1
1760322255.6371067,1630,0.0038341133608054646,1
1760322255.698994,1631,0.0038341133608054646,1
1760322255.7581573,1632,0.004997469097805266,1
1760322255.8233445,1633,0.0035587881765181267,1
1760322255.8849695,1634,0.0035587881765181267,1
1760322255.9476466,1635,0.003831558039818531,1
1760322256.0088623,1636,0.0038341133608054646,1
1760322256.0722368,1637,0.0038341133608054646,1
1760322256.1354322,1638,0.0026234707410711777,1
1760322256.211333,1639,0.0011710873339008665,1
1760322256.273461,1640,0.0011710873339008665,1
1760322256.3492813,1641,5.018196300600117e-05,1
1760322256.4088204,1642,0.0028376814920184545,1
1760322256.4724667,1643,0.0028376814920184545,1
1760322256.5369804,1644,0.004382506047181919,1
1760322256.5983505,1645,0.004382506047181919,1
1760322256.6596286,1646,0.0015422069602397566,1
1760322256.7216425,1647,0.001550449428893555,1
1760322256.7833104,1648,0.001550449428893555,1
1760322256.845986,1649,0.001550449428893555,1
1760322256.9068236,1650,0.004592140173491,1
1760322256.9691463,1651,0.004592140173491,1
1760322257.0311565,1652,0.0015422069602397566,1
1760322257.095393,1653,0.001343464843434207,1
1760322257.1554372,1654,0.001343464843434207,1
1760322257.280624,1656,0.001343464843434207,1
1760322257.3459415,1657,0.001343464843434207,1
1760322257.4055169,1658,0.001343464843434207,1
1760322257.4674127,1659,0.001343464843434207,1
1760322257.529662,1660,0.0012832807878009576,1
1760322257.5912175,1661,0.002100905587472106,1
1760322257.6511946,1662,0.002100905587472106,1
1760322257.7758744,1664,0.002351644819053227,1
1760322257.8554947,1665,0.002351644819053227,1
1760322257.9156625,1666,0.005420799655432741,0
1760322257.9940865,1667,0.0055449780309479784,0
1760322258.0555646,1668,0.0055449780309479784,0
1760322258.1190274,1669,0.004380719940235075,1
1760322258.1814964,1670,0.0055449780309479784,0
1760322258.2435663,1671,0.0055449780309479784,0
1760322258.305653,1672,0.004380719940235075,1
1760322258.3661668,1673,0.004380719940235075,1
1760322258.4288962,1674,0.004380719940235075,1
1760322258.4930766,1675,0.0055449780309479784,0
1760322258.5554788,1676,0.003196622373385397,1
1760322258.6166303,1677,0.003196622373385397,1
1760322258.6797464,1678,0.007635840380186632,0
1760322258.7592547,1679,0.004380719940235075,1
1760322258.821184,1680,0.004380719940235075,1
1760322258.8847625,1681,0.0024886727241309886,1
1760322258.946374,1682,0.005042965309087741,0
1760322259.009539,1683,0.005042965309087741,0
1760322259.069229,1684,0.0024886727241309886,1
1760322259.131494,1685,0.0024886727241309886,1
1760322259.1938,1686,0.0044518042340805355,1
1760322259.2562792,1687,0.0044518042340805355,1
1760322259.3177528,1688,0.0044518042340805355,1
1760322259.3800113,1689,0.004736175403378312,1
1760322259.5696673,1692,0.003533436924817666,1
1760322259.6294754,1693,0.004184144288853429,1
1760322259.6921942,1694,0.004184144288853429,1
1760322259.7544239,1695,0.0037737045677836666,1
1760322259.8167963,1696,0.0023105137523500557,1
1760322259.8757162,1697,0.0023105137523500557,1
1760322260.0016985,1699,0.0048054312575683145,1
1760322260.0615077,1700,0.0048054312575683145,1
1760322260.126307,1701,0.0031540769255064636,1
1760322260.1880007,1702,0.0031540769255064636,1
1760322260.2497997,1703,0.00309032021017956,1
1760322260.3141432,1704,0.0025083955470468584,1
1760322260.3748872,1705,0.0025083955470468584,1
1760322260.4377916,1706,0.0039028297691030105,1
1760322260.499575,1707,0.002030414502663826,1
1760322260.5615814,1708,0.002030414502663826,1
1760322260.6255922,1709,0.001705557999290534,1
1760322260.6878564,1710,0.057906932529554554,0
1760322260.7498791,1711,0.057906932529554554,0
1760322260.8122091,1712,0.0016802409994400311,1
1760322260.8831332,1713,0.0025105832666556353,1
1760322260.95064,1714,0.0025105832666556353,1
1760322261.0133157,1715,2.6283191143167475e-06,1
1760322261.0759382,1716,0.0026311647857917408,1
1760322261.1399405,1717,0.0026311647857917408,1
1760322261.2014205,1718,0.0028924122298086647,1
1760322261.2651966,1719,0.0028924122298086647,1
1760322261.3282716,1720,0.006188644111119482,0
1760322261.3893137,1721,0.005858519516240261,0
1760322261.453317,1722,0.005858519516240261,0
1760322261.5161011,1723,0.005100405256308449,0
1760322261.578075,1724,0.006462659577168619,0
1760322261.6395018,1725,0.006462659577168619,0
1760322261.7036724,1726,0.003960540559753494,1
1760322261.766187,1727,0.0021531584662017947,1
1760322261.8450398,1728,0.0021531584662017947,1
1760322261.905079,1729,0.005012783036772735,0
1760322261.9635396,1730,0.0037266402719898493,1
1760322262.0277958,1731,0.0037266402719898493,1
1760322262.087538,1732,0.00505664826340108,0
1760322262.149592,1733,0.006473321778099484,0
1760322262.2139666,1734,0.006473321778099484,0
1760322262.2758536,1735,0.004188901621286885,1
1760322262.338242,1736,0.004645229607524743,1
1760322262.3997529,1737,0.004645229607524743,1
1760322262.4616022,1738,0.0018420393829192841,1
1760322262.5264797,1739,0.0018420393829192841,1
1760322262.58811,1740,0.006605833736689595,0
1760322262.6496415,1741,0.004238320614408764,1
1760322262.7110405,1742,0.004238320614408764,1
1760322262.774391,1743,0.004584351872069962,1
1760322262.83615,1744,0.004238320614408764,1
1760322262.8983893,1745,0.004238320614408764,1
1760322262.9629595,1746,0.0025501646624701627,1
1760322263.0218427,1747,0.0025501646624701627,1
1760322263.0861268,1748,0.0025501646624701627,1
1760322263.1467938,1749,0.003827925637946485,1
1760322263.331872,1752,0.0024912459245012356,1
1760322263.3949046,1753,0.0024912459245012356,1
1760322263.4563181,1754,0.0025450878261920745,1
1760322263.5183442,1755,0.004244891306430442,1
1760322263.5823348,1756,0.004244891306430442,1
1760322263.6443102,1757,0.004238320614408764,1
1760322263.7065594,1758,0.004238320614408764,1
1760322263.7688637,1759,0.004238320614408764,1
1760322263.8297477,1760,0.002164171197071298,1
1760322263.894138,1761,0.004238320614408764,1
1760322263.9699612,1762,0.004238320614408764,1
1760322264.048957,1763,0.0006729580871234053,1
1760322264.109717,1764,0.0021849874358508704,1
1760322264.173165,1765,0.0021849874358508704,1
1760322264.236615,1766,0.004238320614408764,1
1760322264.2991526,1767,0.004181844973026237,1
1760322264.3740206,1768,0.004181844973026237,1
1760322264.43547,1769,0.004495539417945879,1
1760322264.49935,1770,0.0027967996324276927,1
1760322264.559471,1771,0.0027967996324276927,1
1760322264.6223328,1772,0.0001734624764928045,1
1760322264.808836,1775,0.0024642039215078404,1
1760322264.8838353,1776,0.002910080126786601,1
1760322264.954403,1777,0.002910080126786601,1
1760322265.0261467,1778,0.003197454287741189,1
1760322265.0881953,1779,0.003276290310492305,1
1760322265.1505344,1780,0.003276290310492305,1
1760322265.214816,1781,0.0036908576408849394,1
1760322265.2832062,1782,0.005662322708307703,0
1760322265.353008,1783,0.005662322708307703,0
1760322265.416448,1784,0.005979454906079658,0
1760322265.4784324,1785,0.0050194189106391035,0
1760322265.540033,1786,0.0050194189106391035,0
1760322265.604214,1787,0.008166287593921998,0
1760322265.6832495,1788,0.0050874635453870614,0
1760322265.7429588,1789,0.0050874635453870614,0
1760322265.8018022,1790,0.0076208967167941104,0
1760322265.8672426,1791,0.0076208967167941104,0
1760322265.928895,1792,0.005662322708307703,0
1760322265.9904616,1793,0.00671307766070749,0
1760322266.055556,1794,0.00671307766070749,0
1760322266.1324003,1795,0.0050194189106391035,0
1760322266.1965299,1796,0.00671307766070749,0
1760322266.2576313,1797,0.00671307766070749,0
1760322266.3202043,1798,0.005304350665065403,0
1760322266.382631,1799,0.005313453740078318,0
1760322266.4468408,1800,0.005313453740078318,0
1760322266.51093,1801,0.008337358468022261,0
1760322266.5888839,1802,0.004977831224314746,1
1760322266.6641474,1803,0.004977831224314746,1
1760322266.7269444,1804,0.007289514415901799,0
1760322266.7883291,1805,0.006862466306185651,0
1760322266.8492377,1806,0.006862466306185651,0
1760322266.9121473,1807,0.0027193552858584095,1
1760322266.9901087,1808,0.0052783054713130915,0
1760322267.052142,1809,0.0052783054713130915,0
1760322267.1147048,1810,0.006702016786405396,0
1760322267.1765044,1811,0.004983232450637948,1
1760322267.2382512,1812,0.004983232450637948,1
1760322267.2998426,1813,0.005452985287343334,0
1760322267.3646808,1814,0.005090413597861613,0
1760322267.428287,1815,0.005090413597861613,0
1760322267.490617,1816,0.007447144175636739,0
1760322267.552462,1817,0.0049111189132673835,1
1760322267.6132681,1818,0.0049111189132673835,1
1760322267.6771762,1819,0.001701685306358119,1
1760322267.7391171,1820,0.001701685306358119,1
1760322267.8006487,1821,0.00499943293238409,1
1760322267.863437,1822,0.006492042535644039,0
1760322267.9249494,1823,0.006492042535644039,0
1760322267.9889815,1824,0.005437109270591115,0
1760322268.0506723,1825,0.00591316044891451,0
1760322268.1121113,1826,0.00591316044891451,0
1760322268.171675,1827,0.00735565952844919,0
1760322268.2376983,1828,0.003699643021902328,1
1760322268.300205,1829,0.003699643021902328,1
1760322268.3632998,1830,0.007384733551288477,0
1760322268.422954,1831,0.006108421157832024,0
1760322268.4907203,1832,0.006108421157832024,0
1760322268.596557,1833,0.005345339517712246,0
1760322268.6589239,1834,0.008176977542796482,0
1760322268.7200549,1835,0.008176977542796482,0
1760322268.7828014,1836,0.008109244814800104,0
1760322268.8470154,1837,0.005269058115065121,0
1760322268.9079297,1838,0.005269058115065121,0
1760322268.9713066,1839,0.013760918999506233,0
1760322269.034028,1840,0.021576582063579305,0
1760322269.0977297,1841,0.021576582063579305,0
1760322269.1599035,1842,0.013366254613171707,0
1760322269.2221193,1843,0.005972453485411748,0
1760322269.2866628,1844,0.005972453485411748,0
1760322269.3483906,1845,0.007286646130353834,0
1760322269.410089,1846,0.007286646130353834,0
1760322269.4709108,1847,0.006255106709411119,0
1760322269.533003,1848,0.00849238163037779,0
1760322269.5966973,1849,0.00849238163037779,0
1760322269.6590662,1850,0.002951014055831328,1
1760322269.7204747,1851,0.006957889749126332,0
1760322269.7840471,1852,0.006957889749126332,0
1760322269.8452804,1853,0.0030130790398775744,1
1760322270.0349953,1856,0.0005560504462647255,1
1760322270.0952263,1857,0.0008890532482979333,1
1760322270.1594899,1858,0.0008890532482979333,1
1760322270.2189138,1859,0.0015611453968716656,1
1760322270.2858586,1860,0.0022971637187943813,1
1760322270.3473992,1861,0.0022971637187943813,1
1760322270.4097009,1862,0.0006323645641888535,1
1760322270.470203,1863,0.0006323645641888535,1
1760322270.5317044,1864,0.00018624218683830143,1
1760322270.595275,1865,0.00018624218683830143,1
1760322270.6744006,1866,0.00018624218683830143,1
1760322270.751179,1867,0.00015138961197731435,1
1760322270.8154628,1868,0.0003405024644908064,1
1760322270.8769739,1869,0.0003405024644908064,1
1760322270.9402072,1870,0.0017554638701515867,1
1760322271.0027452,1871,0.0007114664458496064,1
1760322271.067725,1872,0.0007114664458496064,1
1760322271.1284602,1873,0.0012421774806870636,1
1760322271.1922853,1874,0.0016532766135176156,1
1760322271.2551475,1875,0.0016532766135176156,1
1760322271.3180768,1876,4.409156348013192e-05,1
1760322271.381007,1877,0.0014675866244861866,1
1760322271.4429836,1878,0.0014675866244861866,1
1760322271.5051,1879,0.0014675866244861866,1
1760322271.566254,1880,0.0009687874866560909,1
1760322271.6281378,1881,0.0009687874866560909,1
1760322271.6901603,1882,0.00017387004337699775,1
1760322271.7506785,1883,0.014859723203687029,0
1760322271.8162339,1884,0.014859723203687029,0
1760322271.8769526,1885,0.00010022484690417818,1
1760322271.9389837,1886,0.022061147504511026,0
1760322272.0005004,1887,0.022061147504511026,0
1760322272.0627277,1888,0.0007114664458496064,1
1760322272.1247118,1889,0.0007114664458496064,1
1760322272.1877337,1890,0.00010022484690417818,1
1760322272.2494693,1891,0.00022149583763783447,1
1760322272.3095427,1892,0.00022149583763783447,1
1760322272.3746595,1893,0.0018058256154855762,1
1760322272.4361093,1894,0.0007819624104597658,1
1760322272.500306,1895,0.0007819624104597658,1
1760322272.5605524,1896,0.00028941084115957985,1
1760322272.6262305,1897,0.0006873570774925536,1
1760322272.686319,1898,0.0006873570774925536,1
1760322272.7489989,1899,0.0005441457226668927,1
1760322272.8223104,1900,0.0006232474752302895,1
1760322272.8890948,1901,0.0006232474752302895,1
1760322272.9510446,1902,0.00014411457512289623,1
1760322273.015748,1903,0.002034172600652766,1
1760322273.0770977,1904,0.002034172600652766,1
1760322273.1395223,1905,0.0021374774721764356,1
1760322273.201127,1906,0.0021374774721764356,1
1760322273.2636535,1907,0.0028337309891255293,1
1760322273.3281872,1908,0.0007857345383077471,1
1760322273.3895402,1909,0.0007857345383077471,1
1760322273.451518,1910,0.000948492861762516,1
1760322273.513252,1911,0.00014312675866280135,1
1760322273.5750077,1912,0.00014312675866280135,1
1760322273.6375673,1913,0.00208444081622082,1
1760322273.6983302,1914,0.0025714613497405114,1
1760322273.7605677,1915,0.0025714613497405114,1
1760322273.8238692,1916,0.000959272917480521,1
1760322273.886711,1917,0.0025714613497405114,1
1760322273.9482424,1918,0.0025714613497405114,1
1760322274.0116181,1919,0.0025109039663893367,1
1760322274.0728166,1920,0.0025109039663893367,1
1760322274.1512058,1921,0.001882802779664773,1
1760322274.1984434,1922,0.001882802779664773,1
1760322274.2591085,1923,0.001882802779664773,1
1760322274.3214154,1924,0.0021374774721764356,1
1760322274.3797975,1925,0.0016160921296825056,1
1760322274.4431183,1926,0.0016160921296825056,1
1760322274.5054524,1927,0.004015031373962286,1
1760322274.567167,1928,0.0009698331589228365,1
1760322274.6296437,1929,0.0009698331589228365,1
1760322274.6937504,1930,0.00014312675866280135,1
1760322274.75498,1931,0.00014312675866280135,1
1760322274.8193116,1932,0.00014312675866280135,1
1760322274.8791707,1933,0.00014312675866280135,1
1760322274.9415188,1934,0.00014312675866280135,1
1760322275.0028374,1935,0.00014312675866280135,1
1760322275.0667038,1936,0.00014312675866280135,1
1760322275.1277378,1937,0.00014312675866280135,1
1760322275.190557,1938,0.0022020708076470694,1
1760322275.2532473,1939,0.00014312675866280135,1
1760322275.3184397,1940,0.00014312675866280135,1
1760322275.3795338,1941,0.000357311426287997,1
1760322275.4431434,1942,0.003386025250600163,1
1760322275.5034668,1943,0.003386025250600163,1
1760322275.5677104,1944,0.002956944033363433,1
1760322275.6283371,1945,0.0018588945420682183,1
1760322275.689608,1946,0.0018588945420682183,1
1760322275.7555578,1947,0.0018588945420682183,1
1760322275.8159943,1948,0.002956944033363433,1
1760322275.8774526,1949,0.002956944033363433,1
1760322275.9420605,1950,0.0028915280943869904,1
1760322276.0216448,1951,0.00014312675866280135,1
1760322276.0825312,1952,0.00014312675866280135,1
1760322276.142946,1953,0.000684856195685906,1
1760322276.2078614,1954,0.000684856195685906,1
1760322276.2695885,1955,0.0008262591290487328,1
1760322276.332133,1956,0.00014312675866280135,1
1760322276.3936186,1957,0.00014312675866280135,1
1760322276.4531689,1958,0.001419000219556198,1
1760322276.5163207,1959,0.0018588945420682183,1
1760322276.57786,1960,0.0018588945420682183,1
1760322276.641082,1961,0.0008446236250814997,1
1760322276.7035096,1962,0.0003254106058817943,1
1760322276.7682984,1963,0.0003254106058817943,1
1760322276.8299,1964,0.0014925151720919152,1
1760322276.891274,1965,0.00039270111567204363,1
1760322276.9539275,1966,0.00039270111567204363,1
1760322277.0180163,1967,0.0008446236250814997,1
1760322277.0777304,1968,0.0008446236250814997,1
1760322277.141822,1969,0.0008446236250814997,1
1760322277.202972,1970,0.0008446236250814997,1
1760322277.2679052,1971,0.0008446236250814997,1
1760322277.3298464,1972,0.0015406210079420331,1
1760322277.3918707,1973,0.0028563001351563306,1
1760322277.4530315,1974,0.0028563001351563306,1
1760322277.5157323,1975,0.0015406210079420331,1
1760322277.5764387,1976,0.0015406210079420331,1
1760322277.6417549,1977,0.0015406210079420331,1
1760322277.7014568,1978,0.0037733345915520033,1
1760322277.7638395,1979,0.0015406210079420331,1
1760322277.828015,1980,0.0015406210079420331,1
1760322277.8898659,1981,0.00204240993904181,1
1760322277.951633,1982,0.001242592243737909,1
1760322278.0132043,1983,0.001242592243737909,1
1760322278.0778906,1984,0.0023345907277631337,1
1760322278.1405964,1985,0.0023345907277631337,1
1760322278.2025738,1986,0.0002896951420609129,1
1760322278.2659175,1987,0.0018589729927561832,1
1760322278.3278685,1988,0.0018589729927561832,1
1760322278.3910437,1989,0.00014903111966258452,1
1760322278.451477,1990,0.0008053365588307076,1
1760322278.5123754,1991,0.0008053365588307076,1
1760322278.576822,1992,0.0008742026625143604,1
1760322278.6419938,1993,0.0014832370539333804,1
1760322278.7038124,1994,0.0014832370539333804,1
1760322278.7659614,1995,0.002724838739961641,1
1760322278.8303301,1996,0.0019107375106775393,1
1760322278.8937757,1997,0.0019107375106775393,1
1760322278.9558024,1998,0.0026559333683094447,1
1760322279.017858,1999,0.004028782267418814,1
1760322279.08023,2000,0.004028782267418814,1
1760322279.14131,2001,0.0024074924817415397,1
1760322279.220118,2002,0.0013065617381138022,1
1760322279.283335,2003,0.0013065617381138022,1
1760322279.3430195,2004,0.001542516821583616,1
1760322279.4060788,2005,0.001542516821583616,1
1760322279.46842,2006,0.002336083079579169,1
1760322279.5307477,2007,0.001776100463251178,1
1760322279.5918162,2008,0.001776100463251178,1
1760322279.653153,2009,0.0014191185676025713,1
1760322279.718293,2010,0.002201734086026365,1
1760322279.779921,2011,0.002201734086026365,1
1760322279.8402534,2012,0.00235954146693354,1
1760322279.9037564,2013,0.002497439203243138,1
1760322279.9661283,2014,0.002497439203243138,1
1760322280.0283353,2015,0.002497439203243138,1
1760322280.090172,2016,0.002497439203243138,1
1760322280.1519272,2017,0.002497439203243138,1
1760322280.21441,2018,0.00235954146693354,1
1760322280.2792587,2019,0.0019817611832813383,1
1760322280.3399687,2020,0.0019817611832813383,1
1760322280.4020228,2021,0.002497439203243138,1
1760322280.466078,2022,0.002497439203243138,1
1760322280.528191,2023,0.0004602635115182607,1
1760322280.5861096,2024,0.001264224786829863,1
1760322280.6521587,2025,0.001264224786829863,1
1760322280.7137237,2026,0.00027407398537232334,1
1760322280.7770119,2027,0.0008468507238917344,1
1760322280.8390658,2028,0.0008468507238917344,1
1760322280.9023452,2029,0.0011276009041186873,1
1760322280.964426,2030,0.0005179906920325557,1
1760322281.0285501,2031,0.0005179906920325557,1
1760322281.0893917,2032,0.0019107375106775393,1
1760322281.1519983,2033,0.0025554906263667992,1
1760322281.2143555,2034,0.0025554906263667992,1
1760322281.2782197,2035,0.002423449605058867,1
1760322281.3405266,2036,0.002423449605058867,1
1760322281.4018016,2037,0.004312968479493846,1
1760322281.4643648,2038,0.0031832867917857416,1
1760322281.5252757,2039,0.0031832867917857416,1
1760322281.5876834,2040,0.004233444456570246,1
1760322281.6485546,2041,0.002314581642422993,1
1760322281.710085,2042,0.002314581642422993,1
1760322281.7724972,2043,0.005340806651146468,0
1760322281.8372922,2044,0.0006585765214533381,1
1760322281.8980443,2045,0.0006585765214533381,1
1760322281.9595227,2046,0.0032591665170912804,1
1760322282.0218885,2047,0.002966558262938925,1
1760322282.0874164,2048,0.002966558262938925,1
1760322282.1501634,2049,0.005171705979896376,0
1760322282.2113853,2050,0.0017789374307193191,1
1760322282.2767627,2051,0.0017789374307193191,1
1760322282.3414319,2052,0.0010193393342119595,1
1760322282.4000645,2053,0.0010193393342119595,1
1760322282.4623227,2054,0.0005699839006608615,1
1760322282.5264971,2055,0.0005699839006608615,1
1760322282.588777,2056,0.0005699839006608615,1
1760322282.6471155,2057,0.001435950630234356,1
1760322282.7093856,2058,0.0005972895017430629,1
1760322282.7723439,2059,0.0005972895017430629,1
1760322282.835653,2060,0.0012593441873933967,1
1760322282.8983655,2061,0.0017163118435025559,1
1760322282.9588084,2062,0.0017163118435025559,1
1760322283.1002479,2064,0.0010193393342119595,1
1760322283.1623003,2065,0.0010193393342119595,1
1760322283.227186,2066,4.9650136510200754e-05,1
1760322283.287773,2067,0.0024566701560736082,1
1760322283.3505075,2068,0.0024566701560736082,1
1760322283.4123526,2069,0.006686586633163451,0
1760322283.475609,2070,0.006686586633163451,0
1760322283.5384562,2071,0.004151536536505053,1
1760322283.6015866,2072,0.004312968479493846,1
1760322283.6626854,2073,0.004312968479493846,1
1760322283.726399,2074,0.004186312279254804,1
1760322283.7887385,2075,0.007148188080279753,0
1760322283.8497574,2076,0.007148188080279753,0
1760322283.9108222,2077,0.0026996072428936164,1
1760322283.972258,2078,0.0022973512594903975,1
1760322284.0369086,2079,0.0022973512594903975,1
1760322284.0990255,2080,0.0005699839006608615,1
1760322284.1604846,2081,0.0007297217648552182,1
1760322284.2225385,2082,0.0007297217648552182,1
1760322284.2869065,2083,0.0009675022042594031,1
1760322284.3570085,2084,0.00029458297470218164,1
1760322284.426661,2085,0.00029458297470218164,1
1760322284.4887764,2086,0.0009555179358500775,1
1760322284.5504801,2087,0.00044802795751104456,1
1760322284.6126902,2088,0.00044802795751104456,1
1760322284.675408,2089,0.0014263111140443187,1
1760322284.7349424,2090,0.0014263111140443187,1
1760322284.8005054,2091,0.0020807188319383694,1
1760322284.8628197,2092,0.00010076806774130496,1
1760322284.9244096,2093,0.00010076806774130496,1
1760322284.988822,2094,0.0009067210654547832,1
1760322285.0485454,2095,0.001068649094877118,1
1760322285.1106904,2096,0.001068649094877118,1
1760322285.1725304,2097,0.0003514561644376319,1
1760322285.2349515,2098,0.0003514561644376319,1
1760322285.2985885,2099,0.0003514561644376319,1
1760322285.3625348,2100,0.0003514561644376319,1
1760322285.422177,2101,0.0019732021597939717,1
1760322285.4871242,2102,0.0019732021597939717,1
1760322285.5497031,2103,0.001068649094877118,1
1760322285.6109426,2104,0.001068649094877118,1
1760322285.6727479,2105,0.004116528591131105,1
1760322285.7347934,2106,0.0036250791040724154,1
1760322285.7966483,2107,0.0036250791040724154,1
1760322285.8587224,2108,0.005864530778124554,0
1760322285.9197743,2109,0.0034105091198676166,1
1760322285.9829967,2110,0.0034105091198676166,1
1760322286.0446541,2111,0.003565094308310434,1
1760322286.1067295,2112,0.0034889813789665478,1
1760322286.1686146,2113,0.0034889813789665478,1
1760322286.2286036,2114,0.005117178704875106,0
1760322286.2920778,2115,0.0018814060092890578,1
1760322286.3568258,2116,0.0018814060092890578,1
1760322286.4166846,2117,0.003699585883138807,1
1760322286.477819,2118,0.003699585883138807,1
1760322286.5415468,2119,0.005540663719993698,0
1760322286.6026707,2120,0.0034006626800827545,1
1760322286.665346,2121,0.0034006626800827545,1
1760322286.7294343,2122,0.0053013385591143694,0
1760322286.787275,2123,0.006744378291481192,0
1760322286.8528848,2124,0.006744378291481192,0
1760322286.913928,2125,0.006952744383194978,0
1760322286.9768896,2126,0.0063021095942060994,0
1760322287.038868,2127,0.0063021095942060994,0
1760322287.1029596,2128,0.0063021095942060994,0
1760322287.1623585,2129,0.0053013385591143694,0
1760322287.2248719,2130,0.0053013385591143694,0
1760322287.2894773,2131,0.004978810384440359,1
1760322287.3507862,2132,0.004046759590993144,1
1760322287.4132073,2133,0.004046759590993144,1
1760322287.477185,2134,0.0038346111466554533,1
1760322287.539082,2135,0.0038346111466554533,1
1760322287.6011958,2136,0.0037357693562607777,1
1760322287.6634557,2137,0.006043292192740191,0
1760322287.7248716,2138,0.006043292192740191,0
1760322287.7863865,2139,0.005553072873218481,0
1760322287.8481207,2140,0.002945479910968586,1
1760322287.9101195,2141,0.002945479910968586,1
1760322287.972487,2142,0.0023053026563956726,1
1760322288.0368972,2143,0.003815506757974126,1
1760322288.0980961,2144,0.003815506757974126,1
1760322288.1607337,2145,0.004792257590531368,1
1760322288.2228587,2146,0.005119318028654346,0
1760322288.2875876,2147,0.005119318028654346,0
1760322288.349952,2148,0.0031638255461957938,1
1760322288.4115117,2149,0.0031638255461957938,1
1760322288.4731998,2150,0.004009365472219646,1
1760322288.5364797,2151,0.005783138353625674,0
1760322288.5978925,2152,0.005783138353625674,0
1760322288.6609962,2153,0.004094000703680477,1
1760322288.7192879,2154,0.0063021095942060994,0
1760322288.7839365,2155,0.0063021095942060994,0
1760322288.8458984,2156,0.005786229744530174,0
1760322288.909202,2157,0.004885333112691209,1
1760322288.971111,2158,0.004885333112691209,1
1760322289.0934396,2160,0.06616305786963783,0
1760322289.157064,2161,0.06616305786963783,0
1760322289.2213163,2162,0.007889130313192277,0
1760322289.2838454,2163,0.007889130313192277,0
1760322289.3429635,2164,0.0166747277484262,0
1760322289.4069653,2165,0.003509873743908646,1
1760322289.4694116,2166,0.003509873743908646,1
1760322289.5297182,2167,0.023176918973997637,0
1760322289.5930443,2168,0.022265898554927152,0
1760322289.6550388,2169,0.022265898554927152,0
1760322289.7178462,2170,0.01794426290870104,0
1760322289.7792919,2171,0.019758074010107284,0
1760322289.8410916,2172,0.019758074010107284,0
1760322289.902874,2173,0.01938517641099631,0
1760322289.9670732,2174,0.015568580797540489,0
1760322290.0276768,2175,0.015568580797540489,0
1760322290.091246,2176,0.01450123021693664,0
1760322290.153963,2177,0.01543737894359923,0
1760322290.216529,2178,0.01543737894359923,0
1760322290.2783346,2179,0.01574813359528157,0
1760322290.3571165,2180,0.013650847951032673,0
1760322290.4205666,2181,0.013650847951032673,0
1760322290.4813128,2182,0.001567559357190211,1
1760322290.5428839,2183,0.001567559357190211,1
1760322290.6045318,2184,0.015658995175529183,0
1760322290.6669326,2185,0.013355139139452618,0
1760322290.728185,2186,0.013355139139452618,0
1760322290.7928386,2187,0.012477506291660258,0
1760322290.8551219,2188,0.013486431458700892,0
1760322290.9200833,2189,0.013486431458700892,0
1760322290.9811375,2190,0.012492375260437161,0
1760322291.0435584,2191,0.010282595225043344,0
1760322291.1056125,2192,0.010282595225043344,0
1760322291.1690753,2193,0.01243563184556212,0
1760322291.2295241,2194,0.014236996546624189,0
1760322291.2911406,2195,0.014236996546624189,0
1760322291.367409,2196,0.012063860248720859,0
1760322291.4292223,2197,0.009808129457562497,0
1760322291.4914405,2198,0.009808129457562497,0
1760322291.553363,2199,0.009404453694637077,0
1760322291.6183553,2200,0.009404453694637077,0
1760322291.6792588,2201,0.010007266087370802,0
1760322291.7422905,2202,0.009940872385559744,0
1760322291.803555,2203,0.009940872385559744,0
1760322291.867195,2204,0.0086916136545125,0
1760322291.9283292,2205,0.00827506131741574,0
1760322291.9912825,2206,0.00827506131741574,0
1760322292.0538235,2207,0.00883602131077519,0
1760322292.2414517,2210,0.0012994164865568376,1
1760322292.3030617,2211,0.0005154646591281533,1
1760322292.3679476,2212,0.0005154646591281533,1
1760322292.429172,2213,0.0020332673730472112,1
1760322292.4900444,2214,0.00219649623002594,1
1760322292.5514407,2215,0.00219649623002594,1
1760322292.6135106,2216,0.0005146677025569986,1
1760322292.6777759,2217,0.002740521755270552,1
1760322292.7394,2218,0.002740521755270552,1
1760322292.8013015,2219,0.0015868219909876968,1
1760322292.8640509,2220,0.0015868219909876968,1
1760322292.9251447,2221,0.0015327129706198973,1
1760322292.9885495,2222,0.0006195865860346202,1
1760322293.0652003,2223,0.0006195865860346202,1
1760322293.1298075,2224,0.001041941186567301,1
1760322293.1915982,2225,0.0011083227663269846,1
1760322293.2535937,2226,0.0011083227663269846,1
1760322293.3149645,2227,0.001727068284540027,1
1760322293.3771482,2228,0.002880306723213608,1
1760322293.439738,2229,0.002880306723213608,1
1760322293.5027876,2230,0.0037915678136645863,1
1760322293.5651455,2231,0.003178436355326178,1
1760322293.6294699,2232,0.003178436355326178,1
1760322293.6915903,2233,0.003450985416185026,1
1760322293.7531745,2234,0.0016520805645194037,1
1760322293.8179295,2235,0.0016520805645194037,1
1760322293.8781154,2236,0.0009181977832298238,1
1760322293.95783,2237,0.005062952544061798,0
1760322294.019937,2238,0.005062952544061798,0
1760322294.0853133,2239,0.0009403220654035024,1
1760322294.1454215,2240,0.0009403220654035024,1
1760322294.2074568,2241,0.002064915925689508,1
1760322294.2696612,2242,0.0011755635140256269,1
1760322294.3303292,2243,0.0011755635140256269,1
1760322294.3917766,2244,0.0026949782276251937,1
1760322294.4532864,2245,0.0073063900885220745,0
1760322294.5187929,2246,0.0073063900885220745,0
1760322294.5798218,2247,0.00019628413181523724,1
1760322294.6430218,2248,8.107288494530775e-05,1
1760322294.7057512,2249,8.107288494530775e-05,1
1760322294.769946,2250,0.006841656888133745,0
1760322294.8295844,2251,0.005405668713528461,0
1760322294.8967023,2252,0.005405668713528461,0
1760322294.9862905,2253,0.006851735534748056,0
1760322295.0470057,2254,0.0007807621149683152,1
1760322295.1055553,2255,0.0007807621149683152,1
1760322295.170774,2256,0.0009766854131066077,1
1760322295.233396,2257,0.006724185955478079,0
1760322295.2976522,2258,0.006724185955478079,0
1760322295.3597646,2259,0.001283967648654162,1
1760322295.423434,2260,0.0007861563620753242,1
1760322295.4843214,2261,0.0007861563620753242,1
1760322295.547791,2262,0.004234188190801813,1
1760322295.609663,2263,0.004234188190801813,1
1760322295.671577,2264,0.00019628413181523724,1
1760322295.7334318,2265,0.0025630132374329616,1
1760322295.7956321,2266,0.0025630132374329616,1
1760322295.857936,2267,0.0073063900885220745,0
1760322295.9343965,2268,0.0011882696455188888,1
1760322295.9999993,2269,0.0011882696455188888,1
1760322296.0612414,2270,0.00011497219279905761,1
1760322296.1206691,2271,0.0030972101134812465,1
1760322296.1842148,2272,0.0030972101134812465,1
1760322296.2482345,2273,0.0012348739375982482,1
1760322296.309814,2274,0.0017807110535013639,1
1760322296.3724566,2275,0.0017807110535013639,1
1760322296.4337049,2276,0.001463099248215546,1
1760322296.4963024,2277,0.005380023794821109,0
1760322296.557085,2278,0.005380023794821109,0
1760322296.6205523,2279,0.0004973732844216604,1
1760322296.693739,2280,0.0008334346727001778,1
1760322296.7576034,2281,0.0008334346727001778,1
1760322296.8219209,2282,0.00089384026122152,1
1760322296.8819566,2283,0.00089384026122152,1
1760322296.9433649,2284,0.005405668713528461,0
1760322297.006041,2285,0.0028840418921234554,1
1760322297.0675626,2286,0.0028840418921234554,1
1760322297.1304197,2287,0.000747802158781851,1
1760322297.1896951,2288,0.004208075094297355,1
1760322297.2539754,2289,0.004208075094297355,1
1760322297.318142,2290,0.0010428428302491875,1
1760322297.379848,2291,0.00033998417956016165,1
1760322297.4417398,2292,0.00033998417956016165,1
1760322297.5038233,2293,0.004675147726660431,1
1760322297.5661936,2294,0.0003976458003995143,1
1760322297.628524,2295,0.0003976458003995143,1
1760322297.6913314,2296,0.0020589774111894107,1
1760322297.7519627,2297,0.0014166279673178388,1
1760322297.813181,2298,0.0014166279673178388,1
1760322297.8779361,2299,0.00014531482869304183,1
1760322297.9398596,2300,0.00014531482869304183,1
1760322298.0038304,2301,0.00032577597191348756,1
1760322298.0666654,2302,0.0005958465271378218,1
1760322298.1277738,2303,0.0005958465271378218,1
1760322298.1904135,2304,0.0034350520668163867,1
1760322298.2515738,2305,0.00026921822129957404,1
1760322298.313839,2306,0.00026921822129957404,1
1760322298.3762925,2307,0.002409557977999419,1
1760322298.440082,2308,1.9941417851077406e-05,1
1760322298.5024095,2309,1.9941417851077406e-05,1
1760322298.5635855,2310,8.107288494530775e-05,1
1760322298.6250198,2311,0.0017116470649056054,1
1760322298.6883895,2312,0.0017116470649056054,1
1760322298.750591,2313,0.0027412258286660367,1
1760322298.8124342,2314,0.0027412258286660367,1
1760322298.873917,2315,0.0003942684221128305,1
1760322298.937816,2316,0.0013189484503495236,1
1760322298.9998794,2317,0.0013189484503495236,1
1760322299.0625017,2318,0.0018126676632748764,1
1760322299.124071,2319,0.00011216432988452561,1
1760322299.187118,2320,0.00011216432988452561,1
1760322299.2464108,2321,0.002321648680747492,1
1760322299.3101473,2322,0.0031120740467544625,1
1760322299.3725483,2323,0.0031120740467544625,1
1760322299.4338953,2324,0.002350158865494006,1
1760322299.4956167,2325,0.00074202051738473,1
1760322299.5586548,2326,0.00074202051738473,1
1760322299.6223123,2327,0.00032577597191348756,1
1760322299.6871872,2328,0.00032577597191348756,1
1760322299.7465012,2329,0.001654243496974699,1
1760322299.8102045,2330,0.001654243496974699,1
1760322299.872265,2331,0.001654243496974699,1
1760322299.9337876,2332,0.003381869112336386,1
1760322299.9954739,2333,0.0014880764533607288,1
1760322300.0584426,2334,0.0014880764533607288,1
1760322300.1209338,2335,0.0020203998608367395,1
1760322300.1861303,2336,0.0033477901212515607,1
1760322300.2482574,2337,0.0033477901212515607,1
1760322300.3100207,2338,0.0005339068967901966,1
1760322300.3721628,2339,0.00518968071612513,0
1760322300.4328074,2340,0.00518968071612513,0
1760322300.4941247,2341,0.0003533067557153959,1
1760322300.5556417,2342,0.004543575702029554,1
1760322300.6215384,2343,0.004543575702029554,1
1760322300.6807013,2344,0.0027145866556269414,1
1760322300.7445314,2345,0.0027145866556269414,1
1760322300.805929,2346,0.0021287891952608343,1
1760322300.8678844,2347,0.0038977634059244298,1
1760322300.9308577,2348,0.0038977634059244298,1
1760322300.9945056,2349,0.0034380043499115994,1
1760322301.0732782,2350,0.004417702468460577,1
1760322301.1517963,2351,0.004417702468460577,1
1760322301.2297719,2352,0.002277332637480466,1
1760322301.307154,2353,0.0025563762579605288,1
1760322301.3986428,2354,0.003812797089376702,1
1760322301.4766119,2355,0.003812797089376702,1
1760322301.5542958,2356,0.003448584644653212,1
1760322301.6342669,2357,0.004573127578570792,1
1760322301.7109225,2358,0.006602821912720663,0
1760322301.787282,2359,0.006602821912720663,0
1760322301.8652153,2360,0.005610866128430156,0
1760322301.9431174,2361,0.00791176886295041,0
1760322302.004629,2362,0.00791176886295041,0
1760322302.0665736,2363,0.007945333327645078,0
1760322302.1313086,2364,0.005613935850183086,0
1760322302.194159,2365,0.005613935850183086,0
1760322302.2557406,2366,0.006245144239360604,0
1760322302.3204055,2367,0.004920941364833502,1
1760322302.3804715,2368,0.004920941364833502,1
1760322302.4437222,2369,0.006724761244451167,0
1760322302.5062358,2370,0.008520401970074233,0
1760322302.5666015,2371,0.008520401970074233,0
1760322302.6305864,2372,0.009225069799567385,0
1760322302.6943097,2373,0.009225069799567385,0
1760322302.754555,2374,0.009225069799567385,0
1760322302.8166163,2375,0.007363054344825586,0
1760322302.87893,2376,0.007363054344825586,0
1760322302.94373,2377,0.007513898895667857,0
1760322303.0045881,2378,0.006232506899326706,0
1760322303.0860357,2379,0.006232506899326706,0
1760322303.1626387,2380,0.009604768505193585,0
1760322303.2247584,2381,0.00887249847888425,0
1760322303.288165,2382,0.027031289476295392,0
1760322303.3514817,2383,0.027031289476295392,0
1760322303.424404,2384,0.004976832866627135,1
1760322303.4949105,2385,0.0038871032657915236,1
1760322303.566329,2386,0.0038871032657915236,1
1760322303.628714,2387,0.006132211441416896,0
1760322303.6905186,2388,0.0018772381434759948,1
1760322303.7529745,2389,0.0018772381434759948,1
1760322303.8167124,2390,0.0007768050042837957,1
1760322303.8948367,2391,0.0013734789084305764,1
1760322303.954881,2392,0.0013734789084305764,1
1760322304.0171762,2393,0.003340405816642732,1
1760322304.080638,2394,0.003340405816642732,1
1760322304.1417603,2395,2.5413590182959966e-06,1
1760322304.2052267,2396,0.00108954877108031,1
1760322304.2645776,2397,0.00108954877108031,1
1760322304.3283467,2398,0.0010904187017271635,1
1760322304.3912418,2399,0.003677953932109004,1
1760322304.4527593,2400,0.003677953932109004,1
1760322304.5151906,2401,0.0009016543019172187,1
1760322304.5771766,2402,0.0011413782279289277,1
1760322304.6558375,2403,0.0011413782279289277,1
1760322304.7202883,2404,0.002581698604108439,1
1760322304.7805402,2405,0.0010933986803190448,1
1760322304.8429093,2406,0.0010933986803190448,1
1760322304.9039435,2407,0.004242735572140201,1
1760322304.9670422,2408,0.007648302203837155,0
1760322305.029616,2409,0.007648302203837155,0
1760322305.0946233,2410,0.004115260144635553,1
1760322305.1547728,2411,0.004115260144635553,1
1760322305.216204,2412,0.0024536233674303676,1
1760322305.2776499,2413,0.00020844233147819524,1
1760322305.3408365,2414,0.00020844233147819524,1
1760322305.4008396,2415,0.005018211976647584,0
1760322305.4641428,2416,0.005281184424943285,0
1760322305.524273,2417,0.005281184424943285,0
1760322305.5889652,2418,0.002677344294699891,1
1760322305.65196,2419,0.005521190822504253,0
1760322305.7269933,2420,0.005521190822504253,0
1760322305.7911806,2421,0.0055523520971650295,0
1760322305.8500211,2422,0.0037947244567548364,1
1760322305.9132292,2423,0.0037947244567548364,1
1760322305.973395,2424,0.003831021763073752,1
1760322306.1615107,2427,0.0029747976451627786,1
1760322306.2224488,2428,0.003519960632530763,1
1760322306.2855313,2429,0.003519960632530763,1
1760322306.3462484,2430,0.0007840522585176209,1
1760322306.4108222,2431,0.0007840522585176209,1
1760322306.4718952,2432,0.003140504029973368,1
1760322306.5351844,2433,0.0035526952187783095,1
1760322306.5954566,2434,0.0035526952187783095,1
1760322306.6598165,2435,0.0031994966120487463,1
1760322306.721285,2436,0.0031994966120487463,1
1760322306.784214,2437,0.0031994966120487463,1
1760322306.8446834,2438,0.00261841907975755,1
1760322306.9092982,2439,0.004215900044553763,1
1760322306.9854352,2440,0.004215900044553763,1
1760322307.047078,2441,0.0038011550795879253,1
1760322307.1112242,2442,0.0029798781718512433,1
1760322307.173078,2443,0.0029798781718512433,1
1760322307.2351863,2444,0.003344963632110197,1
1760322307.2988963,2445,0.00409387316077099,1
1760322307.36178,2446,0.00409387316077099,1
1760322307.4239893,2447,0.0027538300666220504,1
1760322307.4947772,2448,0.005222619090334732,0
1760322307.5629878,2449,0.005222619090334732,0
1760322307.6252763,2450,0.004839440953404144,1
1760322307.6877782,2451,0.003514411502232022,1
1760322307.7477565,2452,0.003514411502232022,1
1760322307.8114178,2453,0.004572108438265622,1
1760322307.8734195,2454,0.004572108438265622,1
1760322307.9351687,2455,0.0023814666784824166,1
1760322307.9994016,2456,0.0040616767064550405,1
1760322308.061425,2457,0.0040616767064550405,1
1760322308.1248157,2458,0.0001341053389860361,1
1760322308.1850996,2459,0.00281289672851142,1
1760322308.247723,2460,0.00281289672851142,1
1760322308.3091295,2461,0.005426481949796082,0
1760322308.3712149,2462,0.005082903790206032,0
1760322308.4346688,2463,0.005082903790206032,0
1760322308.4968274,2464,0.005082903790206032,0
1760322308.5612254,2465,0.0035194873698255434,1
1760322308.623349,2466,0.0035194873698255434,1
1760322308.6855795,2467,0.004804003926125585,1
1760322308.7465234,2468,0.004804003926125585,1
1760322308.8087091,2469,0.005426481949796082,0
1760322308.8716407,2470,0.005082903790206032,0
1760322308.9333656,2471,0.005082903790206032,0
1760322308.994567,2472,0.0019524997726686928,1
1760322309.055811,2473,0.0032105425651442494,1
1760322309.1215007,2474,0.0032105425651442494,1
1760322309.18375,2475,0.00380336425304895,1
1760322309.245316,2476,0.002955770903921918,1
1760322309.3083386,2477,0.002955770903921918,1
1760322309.3709857,2478,0.004304950554380861,1
1760322309.4313378,2479,0.006731519452216866,0
1760322309.493268,2480,0.006731519452216866,0
1760322309.5582428,2481,0.006636032194969761,0
1760322309.6194036,2482,0.006636032194969761,0
1760322309.681568,2483,0.00648461586553791,0
1760322309.743438,2484,0.003080445983802551,1
1760322309.8049536,2485,0.003080445983802551,1
1760322309.867484,2486,0.004449321799735751,1
1760322309.9269505,2487,0.004053316278070708,1
1760322309.9899971,2488,0.004053316278070708,1
1760322310.0513253,2489,0.004369871605625721,1
1760322310.1160502,2490,0.004541010834238213,1
1760322310.1769748,2491,0.004541010834238213,1
1760322310.2374437,2492,0.005277231838812993,0
1760322310.3014808,2493,0.006259643441465332,0
1760322310.3623173,2494,0.006259643441465332,0
1760322310.4251027,2495,0.00838142589395279,0
1760322310.487372,2496,0.008638550122397018,0
1760322310.551812,2497,0.008638550122397018,0
1760322310.6114693,2498,0.0063781616377382045,0
1760322310.6750143,2499,0.0063781616377382045,0
1760322310.7377012,2500,0.0059564415715751,0
1760322310.8017356,2501,0.006246209914530258,0
1760322310.8635242,2502,0.006246209914530258,0
1760322310.9255493,2503,0.007006630015006739,0
1760322310.9884417,2504,0.004393021128163671,1
1760322311.0512645,2505,0.004393021128163671,1
1760322311.1132698,2506,0.005909136970814679,0
1760322311.3015704,2509,0.006148264097144819,0
1760322311.3634884,2510,0.005234636999402475,0
1760322311.425512,2511,0.005234636999402475,0
1760322311.4900286,2512,0.007477107922973908,0
1760322311.5527177,2513,0.007477107922973908,0
1760322311.6158009,2514,0.0033030993543278,1
1760322311.677245,2515,0.0034520367091841354,1
1760322311.7389908,2516,0.0034520367091841354,1
1760322311.801721,2517,0.0021412617018930474,1
1760322311.8647904,2518,0.0016923908341028703,1
1760322311.926457,2519,0.0016923908341028703,1
1760322311.9918284,2520,0.0012883292824235476,1
1760322312.0526352,2521,0.0007277237667759374,1
1760322312.1118634,2522,0.0007277237667759374,1
1760322312.1756537,2523,0.0018679181412295867,1
1760322312.238524,2524,0.0013624526168766436,1
1760322312.3021963,2525,0.0013624526168766436,1
1760322312.363691,2526,0.0025481879832745195,1
1760322312.4255877,2527,0.004597941207860076,1
1760322312.4868398,2528,0.004597941207860076,1
1760322312.547497,2529,0.00026464991560477477,1
1760322312.6121974,2530,0.00026464991560477477,1
1760322312.6729403,2531,0.0007159844368732106,1
1760322312.862694,2534,0.00034467599386654377,1
1760322312.922096,2535,0.001288877244006257,1
1760322312.9858012,2536,0.001288877244006257,1
1760322313.0473938,2537,0.0014537520919553504,1
1760322313.110589,2538,0.0010915607614670995,1
1760322313.1741729,2539,0.0010915607614670995,1
1760322313.2367163,2540,0.0001003513924800678,1
1760322313.3006804,2541,0.0020848037366328915,1
1760322313.3614395,2542,0.0020848037366328915,1
1760322313.4251914,2543,0.00016456366450674602,1
1760322313.4854546,2544,0.00016456366450674602,1
1760322313.5476458,2545,0.001027085996994274,1
1760322313.609486,2546,0.0029980004183033145,1
1760322313.6699789,2547,0.0029980004183033145,1
1760322313.732867,2548,0.002237878197947114,1
1760322313.7926524,2549,0.003397810793484333,1
1760322313.8567917,2550,0.003397810793484333,1
1760322313.9174085,2551,0.005720089053912213,0
1760322313.9822986,2552,0.00010109565380713587,1
1760322314.0457082,2553,0.00010109565380713587,1
1760322314.1079621,2554,0.00033660085617203545,1
1760322314.170093,2555,0.0006325792100820554,1
1760322314.2316384,2556,0.0006325792100820554,1
1760322314.2960093,2557,0.001986958090801093,1
1760322314.3559961,2558,0.001986958090801093,1
1760322314.4180639,2559,0.0015779577985553447,1
1760322314.4805264,2560,0.0006820005031719228,1
1760322314.5412238,2561,0.0006820005031719228,1
1760322314.6193466,2562,0.000671996051279598,1
1760322314.6974456,2563,0.0015884825380020097,1
1760322314.75567,2564,0.0015884825380020097,1
1760322314.8181074,2565,0.0012262054182690454,1
1760322314.88367,2566,0.0003489413544672127,1
1760322314.9461722,2567,0.0003489413544672127,1
1760322315.0067863,2568,0.0007860876753043762,1
1760322315.0689416,2569,0.00018869371803631636,1
1760322315.1324034,2570,0.00018869371803631636,1
1760322315.2084565,2571,7.207412743492035e-05,1
1760322315.272025,2572,0.0004510397274699318,1
1760322315.3343494,2573,0.0004510397274699318,1
1760322315.3959324,2574,0.0002716519018446384,1
1760322315.4597707,2575,0.0011237358937983832,1
1760322315.5218503,2576,0.0011237358937983832,1
1760322315.5822241,2577,0.0003920371226397903,1
1760322315.6448238,2578,0.00019482520514477013,1
1760322315.705503,2579,0.00019482520514477013,1
1760322315.7679574,2580,0.0008973624256326061,1
1760322315.8324876,2581,0.0010872518878764156,1
1760322315.8954875,2582,0.0010872518878764156,1
1760322315.9562125,2583,0.0009498517329992306,1
1760322316.0167394,2584,0.0009498517329992306,1
1760322316.0808833,2585,0.0027885404126028277,1
1760322316.1421514,2586,0.0019192315428761299,1
1760322316.2040193,2587,0.0019192315428761299,1
1760322316.2659214,2588,0.00017516302312701668,1
1760322316.3299556,2589,0.0005220911663221337,1
1760322316.3919046,2590,0.0005220911663221337,1
1760322316.4540513,2591,0.0007914742196780591,1
1760322316.515886,2592,0.001686816893831095,1
1760322316.578965,2593,0.001686816893831095,1
1760322316.6418164,2594,0.0020259027856839307,1
1760322316.702094,2595,0.0012620058313225317,1
1760322316.7646184,2596,0.0012620058313225317,1
1760322316.8255215,2597,0.0013501609086834527,1
1760322316.8896973,2598,0.0013420900697437548,1
1760322316.9524515,2599,0.0013420900697437548,1
1760322317.015476,2600,0.001686816893831095,1
1760322317.0780973,2601,0.001686816893831095,1
1760322317.1388948,2602,6.37271229749891e-05,1
1760322317.2020032,2603,0.0027049423881737016,1
1760322317.2781363,2604,0.0027049423881737016,1
1760322317.4025745,2606,0.000870842422008522,1
1760322317.4661674,2607,0.000870842422008522,1
1760322317.5302584,2608,0.0005788138881938944,1
1760322317.590327,2609,0.0017892505507444683,1
1760322317.6543906,2610,0.0017892505507444683,1
1760322317.7158577,2611,0.0021214988767482654,1
1760322317.777956,2612,0.000981179089584533,1
1760322317.8421974,2613,0.000981179089584533,1
1760322317.9045072,2614,0.00011166797142902855,1
1760322317.9797122,2615,0.003035313189901384,1
1760322318.0432882,2616,0.003035313189901384,1
1760322318.1214085,2617,0.0007914742196780591,1
1760322318.1824777,2618,4.9476277082462564e-05,1
1760322318.244921,2619,4.9476277082462564e-05,1
1760322318.3059309,2620,0.0008199968522802654,1
1760322318.3688784,2621,0.0007914742196780591,1
1760322318.4312375,2622,0.0007914742196780591,1
1760322318.5543482,2624,0.0017892505507444683,1
1760322318.666945,2625,0.0017892505507444683,1
1760322318.742838,2626,0.002972007627164628,1
1760322318.806355,2627,0.00346028795446004,1
1760322318.8676422,2628,0.00346028795446004,1
1760322318.9326086,2629,0.0035952605566357525,1
1760322318.994573,2630,0.0009335119285198354,1
1760322319.0576282,2631,0.0009335119285198354,1
1760322319.121314,2632,0.0035952605566357525,1
1760322319.1829202,2633,0.00541656497869303,0
1760322319.2447305,2634,0.00541656497869303,0
1760322319.3063698,2635,0.0006377489648540426,1
1760322319.3683617,2636,0.0003897855998669271,1
1760322319.4326603,2637,0.0003897855998669271,1
1760322319.496123,2638,0.0003897855998669271,1
1760322319.5543256,2639,0.0003897855998669271,1
1760322319.6167223,2640,0.0028612203536032346,1
1760322319.6801982,2641,0.00010828551710512745,1
1760322319.7431622,2642,0.00010828551710512745,1
1760322319.8048496,2643,5.641697871714563e-05,1
1760322319.8643775,2644,0.0003897855998669271,1
1760322319.926653,2645,0.0003897855998669271,1
1760322319.9901464,2646,0.0003897855998669271,1
1760322320.067585,2647,0.001214996377850424,1
1760322320.128974,2648,0.001214996377850424,1
1760322320.1918237,2649,0.0003897855998669271,1
1760322320.255598,2650,0.001214996377850424,1
1760322320.317355,2651,0.001214996377850424,1
1760322320.3800256,2652,0.0009086117397764486,1
1760322320.4405184,2653,0.00010752095400789682,1
1760322320.505422,2654,0.00010752095400789682,1
1760322320.5663095,2655,0.00032736267539232485,1
1760322320.6318448,2656,0.00032736267539232485,1
1760322320.6926258,2657,0.00541656497869303,0
1760322320.754407,2658,0.00541656497869303,0
1760322320.8162282,2659,0.00541656497869303,0
1760322320.87863,2660,0.000428314301283322,1
1760322320.9415257,2661,0.000601593913244455,1
1760322321.0045853,2662,0.000601593913244455,1
1760322321.0809052,2663,0.001969016800512353,1
1760322321.159755,2664,0.00578178574219766,0
1760322321.234593,2665,0.0023195435971993944,1
1760322321.2966933,2666,0.0023195435971993944,1
1760322321.3763242,2667,0.005441860987606167,0
1760322321.4566784,2668,0.0022500428370841857,1
1760322321.5333514,2669,0.0022500428370841857,1
1760322321.6131828,2670,0.00035751425011591384,1
1760322321.6904397,2671,0.00037413396273430245,1
1760322321.769905,2672,0.0022500428370841857,1
1760322321.8280916,2673,0.0022500428370841857,1
1760322321.8935354,2674,0.0022500428370841857,1
1760322321.953001,2675,0.004193011387111926,1
1760322322.0176914,2676,0.004193011387111926,1
1760322322.092719,2677,0.0010215452883514664,1
1760322322.168079,2678,0.0020625970322239347,1
1760322322.234903,2679,0.0020625970322239347,1
1760322322.2975163,2680,0.0020625970322239347,1
1760322322.3609574,2681,0.003109848799921556,1
1760322322.425442,2682,0.007825457627755467,0
1760322322.5008478,2683,0.008553590017853028,0
1760322322.5692928,2684,0.017642685628558162,0
1760322322.6436975,2685,0.017642685628558162,0
1760322335.5124564,2884,0.08317819220957194,0
1760322335.5749717,2885,0.07805591120832175,0
1760322335.6361396,2886,0.07805591120832175,0
1760322335.696567,2887,0.07489300601789793,0
1760322335.75767,2888,0.07487239084391079,0
1760322335.8207293,2889,0.07387500950318321,0
1760322335.882048,2890,0.07387500950318321,0
1760322335.9442341,2891,0.07387500950318321,0
1760322336.0063605,2892,0.08976909245870121,0
1760322336.0678384,2893,0.09002456749683128,0
1760322336.1287537,2894,0.11647432604456875,0
