time,frame,tip_plane_x_m,tip_plane_y_m,tip_plane_z_m,contact
1760316712.036659,89,-0.009117984151697428,0.13853305356319218,0.1140796177587699,0
1760316712.096686,90,0.00879113315262213,0.13085872827620498,0.11406605192536307,0
1760316712.1593437,91,0.01282987490896631,0.13050409883937755,0.10972095139016341,0
1760316712.2210355,92,0.034229182437004346,0.12617789845727012,0.09800309281946457,0
1760316714.7515626,132,0.09410537054819958,0.09645761470812841,0.059881048782896906,0
1760316714.817989,133,0.06188031537774488,0.0713659356039952,0.11424551954400752,0
1760316714.8837426,134,0.06401300487335798,0.06551916803941174,0.11569586159153725,0
1760316714.9490283,135,0.06211745949915182,0.07377555150125541,0.11587892273792627,0
1760316715.014692,136,0.066930637899281,0.07831104984024252,0.11095300564424651,0
1760316715.0946026,137,0.06562104401366584,0.08462469397050158,0.10764219617184473,0
1760316715.1512039,138,0.05744230897389282,0.08882413025933536,0.10840038190611939,0
1760316715.2084906,139,0.0666660668231237,0.08864056569712692,0.10359876703480922,0
1760316715.265508,140,0.07538002779989628,0.08920074284664928,0.09837292267666115,0
1760316715.3236582,141,0.07685673744045532,0.0882263811289472,0.09802494425924976,0
1760316715.381545,142,0.06878803825134153,0.09018302749115498,0.1019288272421669,0
1760316715.4397254,143,0.06689145736185756,0.09066648045024023,0.10197825037156946,0
1760316715.4974585,144,0.07457797597064098,0.08644900532054839,0.10033110969818085,0
1760316715.5552645,145,0.07447734660545893,0.08809100806847386,0.09895171547384865,0
1760316715.6134899,146,0.07638484478769611,0.09004812242829176,0.09707168332053509,0
1760316715.6717725,147,0.07585453228198406,0.08709474321285025,0.09920440161062533,0
1760316715.7306755,148,0.0766804452245737,0.08661963580684393,0.09939449007887233,0
1760316715.7903512,149,0.07401050747478904,0.09144263056720024,0.09853259847367357,0
1760316715.8505557,150,0.08504893642195437,0.09674410210764525,0.08132254473637102,0
1760316715.9096682,151,0.08734271579925715,0.09608618518373963,0.08017913637251209,0
1760316715.9682794,152,0.08334561767495403,0.08960605988361134,0.09334289857785,0
1760316716.0269911,153,0.08475686210522479,0.093345318739746,0.08843059822987881,0
1760316716.0863748,154,0.08497339637735163,0.09556404028674025,0.08671026564548423,0
1760316716.147739,155,0.07735022085766172,0.09227011519109415,0.09961714061561469,0
1760316716.2091722,156,0.08429227995475191,0.09580164310447951,0.08821939715187505,0
1760316716.2686436,157,0.07317610490739818,0.09511276268311099,0.10087230738192049,0
1760316716.3287146,158,0.08606238738837417,0.0969424765814028,0.08488136339219962,0
1760316716.3892846,159,0.08615056432200041,0.09829941372302137,0.08342007634233645,0
1760316716.4501762,160,0.08586820620388085,0.09653046219251883,0.08652628216269881,0
1760316716.5098395,161,0.07746463591131579,0.09300320846101127,0.10408085239767972,0
1760316716.569287,162,0.0848349488197329,0.10115199737092058,0.08522328777316504,0
1760316716.6278248,163,0.08773239754791516,0.10172396579555792,0.08101309881815658,0
1760316716.6865098,164,0.0853065102254537,0.10106050366901888,0.0849185135672208,0
1760316716.7442608,165,0.07759736640887002,0.09147489464564013,0.10408298184943246,0
1760316716.8023462,166,0.0781677268642928,0.0967599533181001,0.1003688466082499,0
1760316716.8601015,167,0.08569026632682147,0.09720077049773508,0.0894550750256343,0
1760316716.9185994,168,0.08557541450583167,0.09928867543240652,0.08626902448464072,0
1760316716.9774091,169,0.08851018762398571,0.10125240960500266,0.08125594336709213,0
1760316717.1501925,172,0.08537905132439122,0.10052490799265627,0.08470428777005529,0
1760316717.3237557,175,0.07737960882087672,0.10034223357664936,0.09965291991026803,0
1760316717.5559778,179,0.07950402384300215,0.10347900666808936,0.09704914513788776,0
1760316717.6134832,180,0.07568950719214747,0.09792529253223967,0.10473054705561444,0
1760316717.8442986,184,0.07984060677136216,0.09343781417289163,0.10817775666881513,0
1760316717.903163,185,0.07276639617356992,0.10663613257892814,0.10054500232896121,0
1760316717.9633477,186,0.07548955713110879,0.10229509068180037,0.10500214475361244,0
1760316718.0227306,187,0.07579165005338882,0.10263357789442741,0.1052662461057979,0
1760316718.0827444,188,0.0788331507350266,0.10470672755640426,0.10307513740748786,0
1760316718.1427062,189,0.08605176615080341,0.10970354529648939,0.09443940145574373,0
1760316718.2042642,190,0.08724458251937289,0.11045380979815027,0.09570037122684805,0
1760316718.2636597,191,0.08429840600227705,0.11470033421575758,0.10134033769477538,0
1760316718.3215528,192,0.08329036037664093,0.10998348085122255,0.11273882602951432,0
1760316718.381062,193,0.08156030319741421,0.12124287184687868,0.10982774560171274,0
1760316718.4403007,194,0.0844714136580203,0.1079691101740448,0.12363042787587503,0
1760316718.5002701,195,0.08571627209840225,0.11057668034990673,0.12118299271802888,0
1760316718.559653,196,0.09806099465262764,0.11920468462987556,0.1032486305346079,0
1760316718.61898,197,0.09897543590704971,0.12129466613216906,0.09686323531991403,0
1760316718.6797235,198,0.10311702711957105,0.11451246218980835,0.09598731489199683,0
1760316718.7388265,199,0.0997917127983588,0.11282802759394955,0.10278937333056265,0
1760316718.798887,200,0.09602864688905606,0.12445235453594004,0.10777669768436848,0
1760316718.8584232,201,0.09187151084517112,0.12361306507173968,0.11897202263404913,0
1760316718.915339,202,0.06976497728119405,0.14357030450316394,0.11663718003223283,0
1760316719.0312476,204,0.06978772508079693,0.12723843181180117,0.14250430601940695,0
1760316719.1003976,205,0.04853483146714113,0.160385780540336,0.15217340151212494,0
1760316719.157414,206,0.06366635430932056,0.13452731852954128,0.14270412249611328,0
1760316719.2158513,207,0.07180384824958659,0.13287949736341362,0.1436902019869569,0
1760316719.2760723,208,0.07200563553609814,0.1286396731982984,0.149044097813934,0
1760316719.3341174,209,0.06976850515943234,0.1414966193345507,0.13787752819912483,0
1760316719.3918133,210,0.06652070481198266,0.14081554754264267,0.14166194724780637,0
1760316719.4496274,211,0.07053801447029859,0.1410014796785015,0.1404084456320519,0
1760316719.5077522,212,0.06979791586192745,0.1429770846257799,0.13773255839330562,0
1760316719.5660121,213,0.06670614442424924,0.1453237150730441,0.13830699512116293,0
1760316719.6237924,214,0.06882375297628093,0.14705356656390886,0.1359817239345138,0
1760316719.6821284,215,0.06250489201795674,0.1472487336089148,0.14173924911536645,0
1760316719.7399926,216,0.06045946110277593,0.1483283939068678,0.14041656279076456,0
1760316719.7983532,217,0.06068881442002822,0.15979638374017868,0.12427296656606707,0
1760316719.8560963,218,0.0597394375108872,0.15742382636938324,0.1319284745325489,0
1760316719.9141898,219,0.06240461751231453,0.1548945709069646,0.1375036059219641,0
1760316719.972102,220,0.06940366442232182,0.15020448996836933,0.14108310645090874,0
1760316720.029923,221,0.06725145360239551,0.15468245175156436,0.12853048841516604,0
1760316720.088021,222,0.0606464755730458,0.15791191000787178,0.12655834106243088,0
1760316720.1478357,223,0.05932191354860756,0.16033930054139567,0.12246052026478374,0
1760316720.2079115,224,0.059776774730116555,0.15735573814862552,0.12449431296134167,0
1760316720.2667217,225,0.05705467897481412,0.15537459685971666,0.12562153190657027,0
1760316720.3255122,226,0.056479446642831325,0.1546434223732056,0.1250880568538728,0
1760316720.384811,227,0.0555920590156349,0.14881556273957622,0.13354644674051266,0
1760316720.44459,228,0.05711907709635808,0.1452452285692395,0.13580209853221478,0
1760316720.5059552,229,0.070416951366576,0.13394550467430869,0.14083174064055465,0
1760316720.5643818,230,0.0766210939267324,0.12326930366652121,0.14597067838819286,0
1760316720.6225972,231,0.06187601718637486,0.1427419742639902,0.13526646967112813,0
1760316720.6801965,232,0.05706950241839122,0.13719260165466268,0.13970889343965381,0
1760316720.7385871,233,0.05694901924900948,0.13756329238973297,0.13866929942341086,0
1760316720.7976081,234,0.05641631334422514,0.1402931888311469,0.13412922890417106,0
1760316720.856762,235,0.05571119121562129,0.13901479247328277,0.1353205432757704,0
1760316720.9145875,236,0.05227864200017644,0.13853131070715613,0.135020178092871,0
1760316720.972948,237,0.05495061542257149,0.1371881187689863,0.13648125114964205,0
1760316721.030726,238,0.05741064543047722,0.137506904783507,0.13395235973263536,0
1760316721.088123,239,0.05695545458357623,0.1339821643080778,0.14099240376211244,0
1760316721.146218,240,0.054791108301933886,0.1369464623776481,0.1352975788717055,0
1760316721.204371,241,0.0527669109842802,0.1354099752186281,0.13519530897634208,0
1760316721.2638073,242,0.05402859882035599,0.131811580846136,0.14068003643144217,0
1760316721.324355,243,0.054575836822182006,0.13118722307140834,0.14102856507859304,0
1760316721.384663,244,0.055784226667214366,0.1356430221193659,0.13452681146890128,0
1760316721.441968,245,0.05363558855118728,0.1364727021707717,0.1328361641084494,0
1760316721.4996126,246,0.05429080454760357,0.13211171648969225,0.14020849833016197,0
1760316721.557322,247,0.05715996332207787,0.13282373163069588,0.13926493333574952,0
1760316721.6147964,248,0.05526827315283016,0.13705144219869272,0.1344479336879326,0
1760316721.6724951,249,0.05658050059824224,0.13690170129138635,0.13334022196255957,0
1760316721.732601,250,0.0572030647255576,0.13852378122870926,0.1328967458314455,0
1760316721.790241,251,0.055790408134664224,0.1392469809836509,0.13521227926287652,0
1760316721.8481805,252,0.05603415468894654,0.13977409884484077,0.13655526960876813,0
1760316721.9072251,253,0.05579608707946421,0.14354116015451368,0.1332836425627738,0
1760316721.9669342,254,0.07196335550833487,0.12665456386048402,0.14505741577721698,0
1760316722.0261235,255,0.07349381166783116,0.1357745915550132,0.13450081019528773,0
1760316722.1489515,257,0.07493504354237274,0.12950999180764405,0.140021398891732,0
1760316722.2085993,258,0.08373508250228509,0.08942718187486642,0.16489321835659007,0
1760316722.614933,265,0.0818507102015308,0.10207631376670398,0.15754804654503513,0
1760316722.672156,266,0.05464807993075708,0.13500126481650057,0.14299715796016893,0
1760316722.7317007,267,0.05456899365991228,0.13469246584629413,0.14300452952989792,0
1760316722.789741,268,0.05970610802562159,0.1305954499073041,0.14712789507750945,0
1760316722.8486438,269,0.06119284463581164,0.1346760067105484,0.14094470724544267,0
1760316722.9061792,270,0.06107944969338152,0.12662842428099147,0.14873226687830324,0
1760316722.965003,271,0.05501500895999134,0.13320522291454998,0.13946069219974888,0
1760316723.0220966,272,0.06255173369149292,0.13402736168608295,0.13468878321428024,0
1760316723.082356,273,0.06335929646709669,0.13475777385192136,0.13211264501566874,0
1760316723.1400118,274,0.06570846319746013,0.13578259087811467,0.1290597763711665,0
1760316723.198471,275,0.0678386139777702,0.13306171591932286,0.1306751280887441,0
1760316723.2588909,276,0.06551840630150582,0.13159597151225808,0.1334195636824986,0
1760316723.3303037,277,0.0663354850204655,0.13184994192740007,0.134163639845471,0
1760316723.3889854,278,0.06842063612771736,0.13057891413227735,0.13635406169601944,0
1760316723.4492342,279,0.07182141696475908,0.1256127920880409,0.14005934931103622,0
1760316723.5092428,280,0.07151380617831737,0.12649440078332333,0.13881981745323727,0
1760316723.5682056,281,0.07413184851155316,0.13051547588726892,0.12911638282239363,0
1760316723.6259766,282,0.07644551228422694,0.13488459824501225,0.12143547912474259,0
1760316723.683299,283,0.07811539454533384,0.13524715295824938,0.12109740525587612,0
1760316723.741521,284,0.07630758564161144,0.13585625639390853,0.12489155249572645,0
1760316723.799304,285,0.07805041975056208,0.1370015466364595,0.12188513372197071,0
1760316723.8569317,286,0.07547426395290628,0.13797513918808596,0.12281496315003129,0
1760316723.9151433,287,0.07634519408689575,0.14127277587618603,0.11824022960067823,0
1760316726.9141169,339,0.09308936825224157,0.010448967056304055,-0.05291594999820856,0
1760316726.9705758,340,0.08845311279336215,0.01276754678102187,-0.044150805717064756,0
1760316737.2660544,524,0.1092326094285295,-0.03400071787663558,-0.018674119480266926,0
1760316737.3228505,525,-0.09818890663351026,0.10836757726965134,0.15245076138744884,0
1760316737.3815863,526,-0.09884891513636473,0.10990673696192686,0.1530560301124793,0
1760316737.4389002,527,0.15348597699823954,-0.056191798013183,-0.014648024796238446,0
1760316737.4953966,528,0.10991154108863363,-0.04446522021327036,-0.02563362888028875,0
1760316737.9460208,536,0.11351218763915391,-0.10913209067729486,-0.0512171044541892,0
1760316738.003173,537,0.09687575222987133,-0.09341542425947957,-0.03597852342759644,0
1760316738.0608327,538,0.12016085250587225,-0.0656778308092932,-0.04338148619353949,0
1760316738.1174917,539,0.10099210944202988,-0.045201261427340586,-0.021076630800181406,0
1760316738.1737702,540,0.104421587339384,-0.049239321387235954,-0.0250966753039622,0
1760316738.2307663,541,0.10227861347462458,-0.04808715751007073,-0.023391913096422967,0
1760316738.287227,542,0.10007116261756538,-0.046931445719849224,-0.022046576631604753,0
1760316738.3439834,543,0.09978189804401172,-0.04493963537478893,-0.02066402993824973,0
1760316738.400075,544,0.09815764721589951,-0.044460711617728854,-0.019541446907876237,0
1760316738.4566112,545,0.09714023402242247,-0.04305277993229219,-0.01889395690871354,0
1760316738.5133245,546,0.09582987286087441,-0.04290301895210895,-0.019438730794109793,0
1760316738.569843,547,0.09318203990282048,-0.03925125540709909,-0.016376622338457714,0
1760316738.6262982,548,0.09575463778566848,-0.042242070698064085,-0.020650592481845587,0
1760316738.682088,549,0.09580462397647838,-0.043422412619600226,-0.022047922685455468,0
1760316738.7379808,550,0.09504194264778948,-0.04128006823302545,-0.022046524910887932,0
1760316738.793763,551,0.09394443932964586,-0.039756976864231575,-0.020838638135012744,0
1760316738.8495095,552,0.09604496469117832,-0.04211282928445781,-0.023143085697119203,0
1760316741.2613578,595,0.10675488486475335,-0.12488542853527039,-0.08579986507895135,0
1760316741.317507,596,0.0856651848581712,-0.12712894225547094,-0.10333118901141186,0
1760316741.4293475,598,0.07540460771338947,-0.13626069586073702,-0.10769259844631304,0
1760316741.4854822,599,0.07248602293221813,-0.14221874774401816,-0.11319577084913154,0
1760316741.5419667,600,0.06499012011348343,-0.1327776269732433,-0.09795053533131806,0
1760316741.597606,601,0.07133921017320383,-0.15198074936791697,-0.12683521687499336,0
1760316741.6537876,602,0.05577310296168558,-0.1441938424770096,-0.11370804029551557,0
1760316741.7096589,603,0.05360602694141456,-0.1443217347462234,-0.11052370182731591,0
1760316741.7653496,604,0.06707274703350616,-0.16254883505077025,-0.1370599098671141,0
1760316741.821989,605,0.05231240925792274,-0.1555257802989093,-0.11424146443263802,0
1760316741.8779995,606,0.049400450717704075,-0.16154739455358777,-0.11860988340237316,0
1760316741.933761,607,0.04709740565460224,-0.1652725050387523,-0.12056695408834067,0
1760316742.598894,619,0.09839191544660578,-0.1567016023882826,-0.09606754377729607,0
1760316744.1719668,647,0.029077356066005228,-0.2070705888753671,0.04421972853622752,0
1760316744.283267,649,0.023633571136555634,-0.1920963035629277,0.06610507473595079,0
1760316744.4499037,652,0.02830551448132366,-0.17437967634467955,0.061041088876852403,0
1760316744.506043,653,0.02712952664500648,-0.17206637075999542,0.060727377699262716,0
1760316744.561572,654,0.030658525681297052,-0.17560935226440919,0.04862750425931103,0
1760316744.8949165,660,0.010761162029260335,-0.1782838470059246,0.08959656698766713,0
1760316744.9510705,661,0.012867520646381692,-0.17924343201073456,0.09475693353257214,0
1760316745.0065727,662,0.011498405531099182,-0.18202013443391135,0.09630003940636175,0
1760316745.07091,663,0.010270819004776027,-0.18053458668405994,0.09419738527157046,0
1760316745.1349502,664,0.013900204134964692,-0.2219531902276652,0.08984128366710262,0
1760316745.1914017,665,0.009843113524491603,-0.1921497943214589,0.09931160605963413,0
1760316745.246949,666,0.008544690767434748,-0.19566579604693804,0.10150184055027978,0
1760316745.5299113,671,0.006173507961054314,-0.20374386742333672,0.10838168675883533,0
1760316745.5865438,672,0.0059909102745087095,-0.20398414247296615,0.10907474464353006,0
1760316746.036869,680,0.0058641427925588754,-0.2396432360578686,0.11586811425424434,0
1760316746.093385,681,0.004719150056200876,-0.22683290715968507,0.11828963896025743,0
1760316746.1489782,682,0.004515949449488417,-0.23091588764918325,0.12049523725256649,0
1760316746.2065911,683,0.005622583822581816,-0.22735535336239826,0.11828619645661027,0
1760316746.2620754,684,0.006219736287213722,-0.23042992933865453,0.11913274716097812,0
1760316746.3197222,685,0.007447083061625753,-0.2285201576395442,0.11623670437829407,0
1760316746.3764665,686,0.007716303450335943,-0.23168061480028596,0.11770813729627418,0
1760316746.4368575,687,0.007197729876520245,-0.22591374223953373,0.1179017766615774,0
1760316746.4931383,688,0.00691546618647821,-0.21871951328490344,0.12110271155228915,0
1760316746.5497413,689,0.009616141798353309,-0.22518486890188155,0.11779032024069427,0
1760316746.6062646,690,0.008782456346669208,-0.2241486640135646,0.11765042602123985,0
1760316746.663291,691,0.01107319916547618,-0.22364398834215318,0.11712096762340843,0
1760316746.71975,692,0.010274979889874108,-0.224255348116964,0.11682730378513484,0
1760316746.7753625,693,0.009474580378301185,-0.22815201285242317,0.11768989775990799,0
1760316746.8314793,694,0.007820347911464395,-0.22283218726952753,0.11895943171086544,0
1760316746.8884504,695,0.009271040543865808,-0.2235199019411965,0.11810800952167583,0
1760316746.9445524,696,0.00877739087415133,-0.22223608457252683,0.11905627756192495,0
1760316747.001544,697,0.008721037639752821,-0.22779087177749477,0.11861344727503625,0
1760316747.058827,698,0.008519220026736524,-0.22549753567602823,0.11884850620413219,0
1760316747.1168752,699,0.008666038882730487,-0.22537739434635173,0.1185801901104636,0
1760316747.1732666,700,0.008930285321744502,-0.22420544034120324,0.11914643922664239,0
1760316747.235295,701,0.007746226706057291,-0.21200267892522975,0.118709025138736,0
1760316747.2911766,702,0.009464572801616042,-0.22407477839373072,0.1194756206278057,0
1760316747.3475974,703,0.008785492321545449,-0.22486822178126514,0.1201623749406804,0
1760316747.403464,704,0.008390674876109325,-0.22585008466636805,0.11958009875030236,0
1760316747.459888,705,0.008644313964365394,-0.22993194520297977,0.11776289217525045,0
1760316747.5156763,706,0.008451256933997925,-0.2258824452812039,0.11852518987969182,0
1760316747.5714428,707,0.008703040764214076,-0.22511311475179618,0.11890732887813187,0
1760316747.6267717,708,0.008814783207353946,-0.22155606237781722,0.11875181006564567,0
1760316747.6827295,709,0.008814783207353946,-0.22155606237781722,0.11875181006564567,0
1760316747.7378466,710,0.008528060840568272,-0.22244201488444645,0.11931104510947887,0
1760316747.7936442,711,0.007658186683378726,-0.21610984583762957,0.11910609980338682,0
1760316747.8494117,712,0.00785953268045414,-0.21381342591509844,0.11992034834801388,0
1760316747.905277,713,0.007851140358840866,-0.21501529251608706,0.11827964971050055,0
1760316747.9608312,714,0.009000694149871521,-0.22453225010205666,0.11836236019240921,0
1760316748.0167873,715,0.009609328148535462,-0.22572213827286047,0.11643113737439897,0
1760316748.072193,716,0.009007456913351225,-0.22023312959053773,0.11502877465189801,0
1760316748.1319175,717,0.008174130121892734,-0.22206937028229487,0.11444922949628475,0
1760316748.187544,718,0.009817923495418601,-0.22706401135280474,0.11377888798512324,0
1760316748.244532,719,0.009640915119287538,-0.2270868860581309,0.1143291109443251,0
1760316748.3004744,720,0.007597410544251393,-0.22308625099488086,0.11330783755093013,0
1760316748.3571994,721,0.008541552472835945,-0.22850549653146193,0.11389446169294791,0
1760316748.4136744,722,0.008166152083059208,-0.22141685295233451,0.11478378305876064,0
1760316748.4703877,723,0.007510051498623688,-0.22381192580150233,0.11347976607847933,0
1760316748.5262907,724,0.007153737024728962,-0.22351876976484794,0.11344075241260385,0
1760316748.5825012,725,0.00746393338357948,-0.22821845606840496,0.11337649048301504,0
1760316748.6387198,726,0.007326779576709741,-0.22808016699175976,0.11362224463164225,0
1760316748.6945376,727,0.006547217938187022,-0.223963970234095,0.11302498654694179,0
1760316748.750569,728,0.007339130200274199,-0.22631215057728915,0.11297882994386182,0
1760316748.8075628,729,0.005992030909771323,-0.22561362975116123,0.11473591900424523,0
1760316748.8641672,730,0.006852087923297931,-0.2314236821781975,0.114099477208814,0
1760316748.9218273,731,0.005197100028124346,-0.22402629903034232,0.11421463698680533,0
1760316748.9783573,732,0.006416527025479138,-0.22706892624138397,0.11547832128079245,0
1760316751.0958443,770,0.04208346408353712,-0.17561148192035547,0.11404854186074391,0
1760316751.1516426,771,0.043014320642999496,-0.1722973219642939,0.11173763944594017,0
1760316751.2082434,772,0.04022139157133314,-0.1473440233877369,0.11054448051347363,0
1760316751.2645054,773,0.038743794033603104,-0.14264513486102104,0.11010983417756247,0
1760316751.320985,774,0.040151320608610735,-0.14007257100776332,0.10893557010372287,0
1760316751.3774533,775,0.039398261159303796,-0.13940736101824436,0.1088838959547448,0
1760316751.4343343,776,0.03905670655549408,-0.13620338123385914,0.10887088854248642,0
1760316751.4906292,777,0.04084658981849826,-0.13746838221706925,0.10777452990228348,0
1760316751.5467622,778,0.04136384162201211,-0.13905755293260397,0.10743059575566921,0
1760316751.6021876,779,0.04121148372021048,-0.13768222446999023,0.10680847291359813,0
1760316751.6584857,780,0.041967937839134384,-0.13662137386223364,0.1048176043728457,0
1760316751.7145329,781,0.04222280024069254,-0.13611348554912986,0.10417350424904917,0
1760316751.7703717,782,0.04446905653457965,-0.13994820784912343,0.1016829359820284,0
1760316751.8259385,783,0.04745562959126905,-0.15957355193087036,0.09925183558392771,0
1760316751.8820043,784,0.04865891941321686,-0.1591156227691021,0.09814308934915046,0
1760316751.9376345,785,0.04881779252890016,-0.16024824216059527,0.09778960015660541,0
1760316751.996378,786,0.04878304797964381,-0.15321552186528137,0.09587607750045223,0
1760316752.0514603,787,0.049288675551320715,-0.15549373071732753,0.09521173025357255,0
1760316752.1068838,788,0.04967683440725684,-0.15278519845042315,0.09334053574507586,0
1760316752.1621127,789,0.04691651035226442,-0.1275340447734981,0.09364206490935319,0
1760316752.2178764,790,0.04734413280556013,-0.12826012273695414,0.09215567250627087,0
1760316752.273127,791,0.04767790652620453,-0.12615040590895443,0.09146385340248195,0
1760316752.3291926,792,0.04806631179549556,-0.12570499148042122,0.09053579541815814,0
1760316752.3849561,793,0.047889516517845815,-0.1247705952616143,0.09015367862919332,0
1760316752.4408815,794,0.04811472366855564,-0.12270987616420054,0.08849601562872249,0
1760316752.4964447,795,0.049253956635568905,-0.12293915407585251,0.08765629658659513,0
1760316752.5525663,796,0.04894223119725204,-0.122798933657153,0.08760323166610967,0
1760316752.6078956,797,0.05069916146195723,-0.1267144848527543,0.08727591791666309,0
1760316752.6640322,798,0.04898336345478936,-0.12214794791322114,0.08870836334383142,0
1760316752.7197368,799,0.049082283487066475,-0.12329935012184218,0.08813473975916285,0
1760316752.775873,800,0.050359073775854885,-0.1267259862054949,0.0888065968349408,0
1760316752.8317552,801,0.049940230081561544,-0.1306220369719889,0.09031310756793264,0
1760316752.8878992,802,0.054644928341946106,-0.1634107107345343,0.0898398474319294,0
1760316752.943833,803,0.05172269256227363,-0.16619350329696803,0.09887865098175905,0
1760316752.9999588,804,0.051111011640631795,-0.1721341240257727,0.10249489092946698,0
1760316753.0547516,805,0.04525263398918497,-0.14463271125993096,0.1076781300267845,0
1760316753.1108875,806,0.04492425569286796,-0.1688243763212354,0.11069337345926562,0
1760316753.167777,807,0.0439962169800083,-0.16722946477646172,0.11113240690847585,0
1760316753.224677,808,0.04366461020669518,-0.16897121317178948,0.11230390922369506,0
1760316753.2813492,809,0.0452025990112432,-0.17259900352304372,0.11237372087058062,0
1760316753.3401625,810,0.04081311887763486,-0.14499217521909127,0.11400834118636914,0
1760316753.9009585,820,0.03375948104013897,-0.13537425739544862,0.11767529085224576,0
1760316754.4110284,829,0.03299984587566654,-0.14593025589682684,0.11614988014964787,0
1760316754.4682827,830,0.03344128732733198,-0.1469948363810699,0.1177962984382512,0
1760316754.5258167,831,0.03677845420049104,-0.1742023870317167,0.11850293782259001,0
1760316755.0331166,840,0.044996195991721666,-0.17582017608400047,0.11885927113271144,0
1760316755.0899284,841,0.045176794114074825,-0.17366420815276806,0.11682433743683839,0
1760316755.1458385,842,0.04495049421256382,-0.17121748688458577,0.1142356232776253,0
1760316755.2026832,843,0.04825632420698493,-0.17513578670090502,0.11028763566469538,0
1760316755.258918,844,0.04935217842710575,-0.1751484533500816,0.1084304331290434,0
1760316755.3154082,845,0.050042033374452746,-0.17356957424122924,0.10852931966829288,0
1760316755.3731883,846,0.04851871146194403,-0.170918619094548,0.10783457540232051,0
1760316755.4310403,847,0.04995087571040209,-0.17529894725765727,0.10782475795984335,0
1760316755.495938,848,0.048669283420894174,-0.17122945938144124,0.10804994069323676,0
1760316755.5609605,849,0.04989669136991293,-0.17326806772624065,0.10848275123505728,0
1760316755.6174412,850,0.04950680034292203,-0.17362067667515618,0.10826252019058304,0
1760316755.6747408,851,0.04981251694436348,-0.1732710679078782,0.10823745831397213,0
1760316755.7314916,852,0.049993743624385564,-0.17590320411567195,0.10792643037986117,0
1760316755.7923691,853,0.049920146052568594,-0.17543008244366695,0.10813918009503305,0
1760316755.8490498,854,0.049657776275114966,-0.17403097222345698,0.1086633565420432,0
1760316755.9072816,855,0.04812673337362181,-0.17279756711690458,0.10870480199402548,0
1760316769.8521569,1103,0.15159649012014345,-0.1340006360092894,0.007326901872470759,0
1760316769.907378,1104,0.13314943242922717,-0.10952408807316322,0.031648810188747656,0
1760316769.9631464,1105,0.13134540634222053,-0.10771118797050952,0.03563874064940176,0
1760316770.01831,1106,0.12333018585859534,-0.09921456827527761,0.0470628635216076,0
1760316770.0745752,1107,0.12153118638983043,-0.10063733762064185,0.04933186302359438,0
1760316770.1299763,1108,0.14072399066655603,-0.12460989169851026,0.02148724661669621,0
1760316770.1861472,1109,0.1771528398612025,-0.12258082402719599,0.04693779717791979,0
1760316770.2426765,1110,0.1125809638967364,-0.09910802248053971,0.05408143216181005,0
1760316770.3009458,1111,0.11615282249732183,-0.10438322893279918,0.049493165021673446,0
1760316770.358649,1112,0.11417131541359228,-0.10394058054689122,0.05199578661155796,0
1760316770.4172199,1113,0.1049328577563076,-0.09642445620597172,0.06168368372577593,0
1760316770.4752173,1114,0.1042645346160677,-0.09510190160581457,0.061611007688293584,0
1760316770.5331123,1115,0.10262425723270062,-0.094736682667416,0.06382255665006409,0
1760316770.5908017,1116,0.10162101011721725,-0.09455922982968744,0.06450840898288651,0
1760316770.6650937,1117,0.09998831284240664,-0.09355016783675123,0.06592464496797196,0
1760316770.7231565,1118,0.09933068581402767,-0.09350806008320295,0.06492944243555221,0
1760316770.7800264,1119,0.09845911296879042,-0.09244712865972064,0.06531849777234344,0
1760316770.8362448,1120,0.09866138121879689,-0.09245781228229775,0.06371740331622067,0
1760316770.8939848,1121,0.09596921157459468,-0.09083397869321219,0.06651851073144316,0
1760316770.9510558,1122,0.09960561847192767,-0.09589191050688232,0.058990252614243344,0
1760316771.0089679,1123,0.09847631269116286,-0.09401713166711774,0.06066975068370822,0
1760316771.066839,1124,0.1005097746097422,-0.09619722567884322,0.05791096627155995,0
1760316771.1263382,1125,0.10132866076500678,-0.09713183665957804,0.05574693502442529,0
1760316771.1840665,1126,0.09643906588870303,-0.09188763339809355,0.06581115454794634,0
1760316771.2424374,1127,0.10679355451088969,-0.10557248890562294,0.0506592129570021,0
1760316771.2988753,1128,0.11077023172004206,-0.10931895401704086,0.04526824291848808,0
1760316771.3567948,1129,0.09768392165968705,-0.0922668305282844,0.06443812172603386,0
1760316771.4145966,1130,0.10669026394598996,-0.10458029408911237,0.05102611194358608,0
1760316771.4727578,1131,0.1084143760141084,-0.10701981274879414,0.04813230491218107,0
1760316771.530423,1132,0.10876324083068707,-0.10694294967855074,0.0481875875477038,0
1760316771.588919,1133,0.10876324083068707,-0.10694294967855074,0.0481875875477038,0
1760316771.6463861,1134,0.10594520907610527,-0.10282533735648657,0.05280735994974156,0
1760316771.704727,1135,0.10919299342371208,-0.1087897769555284,0.045974755643901966,0
1760316771.7627316,1136,0.10664306975470084,-0.10516376499701065,0.05102572201950423,0
1760316771.820873,1137,0.10919393648563389,-0.11115863389361733,0.045572146555100335,0
1760316771.8786595,1138,0.10644743793622326,-0.10825613372672499,0.04857993985978337,0
1760316771.9357033,1139,0.10348819173555429,-0.1064648953637415,0.0523685555511863,0
1760316771.9924,1140,0.10414560514825068,-0.10692687131116477,0.052681508216007256,0
1760316772.0501592,1141,0.1041683989588747,-0.10728625323826646,0.053716797695783414,0
1760316772.10669,1142,0.10666232588292876,-0.10948906740407485,0.05144803831069339,0
1760316772.165373,1143,0.10229866352355588,-0.10333734319208968,0.05780174844963143,0
1760316772.2230299,1144,0.10296399311707188,-0.10440801166275801,0.056771368907601094,0
1760316772.2798772,1145,0.10345914571310874,-0.10539786397379558,0.056023572981381775,0
1760316772.338153,1146,0.10746373085180236,-0.11152345422534082,0.04952235323966159,0
1760316772.3990324,1147,0.10662472800851697,-0.11173207409071824,0.048031837084963,0
1760316772.4597762,1148,0.10683433329446435,-0.1119903946969975,0.050216110645596945,0
1760316772.5218058,1149,0.15727021396144444,-0.12511195422557084,0.05395812067028821,0
1760316772.583627,1150,0.1570154118092324,-0.12522326086919966,0.053646830414389834,0
1760316772.645651,1151,0.10531085105947965,-0.11010556590827182,0.05028703712185184,0
1760316772.7071247,1152,0.10665988275301275,-0.11170365214256577,0.04704844710122391,0
1760316772.7687562,1153,0.10933543056941195,-0.11601865391280278,0.038825918320758934,0
1760316772.8277645,1154,0.10999236701004492,-0.11801662986038827,0.03535286954933703,0
1760316772.8894265,1155,0.09282291826278903,-0.09578809739226264,0.06006351733187032,0
1760316772.9508197,1156,0.09054701030716725,-0.0933510811904404,0.06262333800678255,0
1760316773.011901,1157,0.08873098180740405,-0.09022394542736499,0.06493405860866797,0
1760316773.0737436,1158,0.09011131422461063,-0.0921407760175169,0.06278840640238709,0
1760316773.1359751,1159,0.0908348723415839,-0.0945657229162109,0.05952167003310843,0
1760316773.1970384,1160,0.09399139200734057,-0.09713276875619603,0.05450237655329254,0
1760316773.2593105,1161,0.09616477525442604,-0.10181584045575089,0.048230557370803784,0
1760316773.319847,1162,0.1469232045038818,-0.11860169028491345,0.04822121637156185,0
1760316773.3824344,1163,0.14403396311816907,-0.11279452876886441,0.05222368207858097,0
1760316773.8701894,1171,0.10881535153693553,-0.1244781863785892,-0.031086438150985718,0
1760316773.92918,1172,0.10589343106577265,-0.11851254675009563,-0.024059660132307537,0
1760316774.2868674,1178,0.10715881259661239,-0.10633828830091023,-0.022533866605286057,0
1760316774.3444757,1179,0.10588208215310561,-0.10293051333389486,-0.009922046312764443,0
1760316774.4055521,1180,0.10391140120808298,-0.0884934773345862,0.0006552787045827624,1
1760316774.586056,1183,0.15672740186688838,-0.06434753892650158,0.05135346035003885,0
1760316774.8288078,1187,0.09270333424233826,-0.07381975706393519,0.05257470686613469,0
1760316775.0073388,1190,0.06703124552218884,-0.06146062808441001,0.040138468181358744,0
1760316775.1294317,1192,0.0715692687017119,-0.07741735691889302,0.0331920179490095,0
1760316775.3705082,1196,0.09097393755521026,-0.10309147379259502,-0.011142062974330902,0
1760316775.4964874,1198,0.07659412982602165,-0.07506773789434268,0.02311779362965749,0
1760316775.557858,1199,0.07640613351411726,-0.07035081761643144,0.019447997075746903,0
1760316775.6189399,1200,0.07590823946652145,-0.06890183611430206,0.021571232915555016,0
1760316775.6825926,1201,0.07820480726168387,-0.06918713391265809,0.020317882232510187,0
1760316775.7419784,1202,0.07822075107184237,-0.06719935302098964,0.01727734245088114,0
1760316775.8027027,1203,0.07228453800189655,-0.061069994534787876,0.02472778059541908,0
1760316775.86312,1204,0.07660373052448068,-0.06378749447906305,0.014144492636159078,0
1760316775.9247003,1205,0.08488640721631116,-0.07962834001891651,-0.014012801512170436,0
1760316775.985143,1206,0.07885032692269538,-0.06056787166454759,0.02223822119295099,0
1760316776.0470674,1207,0.08113260109378105,-0.061668458978600016,0.017027151988724232,0
1760316776.1081648,1208,0.08342093707036868,-0.06244062309641249,0.017402967931059665,0
1760316776.2295775,1210,0.09702493216682825,-0.08608319854769744,-0.02952728028676438,0
1760316776.2911003,1211,0.0804528157677859,-0.06862592262230734,0.0196697366024971,0
1760316776.351488,1212,0.0752289614882065,-0.06740397575117524,0.02103698679884808,0
1760316776.4107645,1213,0.0755153437189962,-0.07306836340761144,0.015979471094185183,0
1760316776.472633,1214,0.07160804951793745,-0.0733478782872608,0.020864481708751437,0
1760316776.5342915,1215,0.09084825154891225,-0.1146643178669499,-0.023929863408725605,0
1760316776.5936387,1216,0.11866062158449842,-0.12007800231447129,0.03306855336897796,0
1760316776.654668,1217,0.07674694319643284,-0.09016262266542108,0.02787760310117099,0
1760316776.715922,1218,0.09375870106584894,-0.10348670710400534,-0.007219667974224964,0
1760316776.7762892,1219,0.08947686209095801,-0.09317824940184231,0.0018527957339736778,0
1760316776.9004607,1221,0.0924226052381324,-0.09009264917026863,-0.012035362808811179,0
1760316776.9628808,1222,0.09176924302444583,-0.0946856623182679,-0.008651927426313932,0
1760316777.0250103,1223,0.09423320574086988,-0.0951128212052032,-0.004105309502665244,0
1760316777.084728,1224,0.09480632521573068,-0.0926411602639294,-0.0009607795536324404,1
1760316777.1457837,1225,0.0961559240539597,-0.093654431351818,2.062263359808858e-05,1
1760316777.2087955,1226,0.10077160394155604,-0.0906415617138658,-0.0006536588672116928,1
1760316777.2676194,1227,0.10233639701429117,-0.08904200767072695,-5.8620863620240105e-05,1
1760316777.3288124,1228,0.10827966769777464,-0.08841309149100617,-0.0029944798561104546,0
1760316777.392223,1229,0.11035958823377179,-0.0895290908394958,0.0026470144314649224,0
1760316777.4578328,1230,0.10894638541329135,-0.08845669583251214,0.00776849139095398,0
1760316777.521853,1231,0.1003388555288856,-0.08117275517527081,0.029750788797843875,0
1760316777.589969,1232,0.10033334702474409,-0.0766338048442129,0.033320145126320866,0
1760316777.663112,1233,0.10440126706534533,-0.07614362560863051,0.03184323960529106,0
1760316777.7330105,1234,0.1032578820706038,-0.07527400776421171,0.03578116537581233,0
1760316777.7945392,1235,0.10339980611750904,-0.07404791188110141,0.036668070905879036,0
1760316777.8585527,1236,0.10401016403365873,-0.07359848559657677,0.03832109451715371,0
1760316777.922202,1237,0.11784699466733031,-0.08362610847179999,0.015137117973494041,0
1760316777.9906313,1238,0.10762952006434462,-0.07664629083794292,0.03553180710677428,0
1760316778.0586555,1239,0.10651338039655314,-0.07390884878660989,0.03915648777706432,0
1760316778.1218994,1240,0.10736301030936493,-0.07502880273137427,0.037726436239542416,0
1760316778.190292,1241,0.11835908024436187,-0.08259090110782985,0.017253686687826564,0
1760316778.2579482,1242,0.10548182344397786,-0.0723371682338439,0.03846919659402187,0
1760316778.3221397,1243,0.11838301074121668,-0.07888823728660965,0.017374750146770757,0
1760316778.3899693,1244,0.11949354339399679,-0.0795063893757669,0.016378006187799443,0
1760316778.4581597,1245,0.12050440894776066,-0.07965003828107704,0.01734843763107735,0
1760316778.5262036,1246,0.11938723983384492,-0.07958675084061956,0.017724223548783058,0
1760316778.5899165,1247,0.12386996623985877,-0.08323468232301753,0.015485609392837496,0
1760316778.658132,1248,0.12418235350428869,-0.08227292795699284,0.01897079485736164,0
1760316778.7323816,1249,0.12126264098004971,-0.07796233448539996,0.02502045006406345,0
1760316778.801722,1250,0.12219559073801772,-0.07689634469218602,0.0235277953251935,0
1760316778.864281,1251,0.1235040850879727,-0.07785271026617191,0.026806580934463142,0
1760316778.9258738,1252,0.12549458014101256,-0.07772265051026656,0.02784439066253125,0
1760316778.9900432,1253,0.11282756060104066,-0.07246034931524878,0.04958455352974639,0
1760316779.0579877,1254,0.12420677724450141,-0.07818297399196927,0.03475152847867352,0
1760316779.1258395,1255,0.12546432698916624,-0.07920724712621267,0.03622085834025329,0
1760316779.1900883,1256,0.10833058299193798,-0.06735665077152175,0.0620429471299197,0
1760316779.2579734,1257,0.10890717447327494,-0.06836551183340915,0.062624759392434,0
1760316779.3261776,1258,0.10982237287049515,-0.07377074564382036,0.06317732590907099,0
1760316779.390038,1259,0.11379649889318183,-0.07762506707238476,0.061249905269944505,0
1760316779.4582796,1260,0.12966102427231468,-0.08831829871191721,0.040835919963396694,0
1760316779.5262232,1261,0.1309007478917072,-0.08536495416588255,0.041848697921738676,0
1760316779.5900512,1262,0.1150494208676684,-0.07760682399421001,0.061348482251059155,0
1760316779.6584053,1263,0.11740932467878135,-0.07435053450321563,0.060067201175712015,0
1760316779.7259266,1264,0.11960500177705383,-0.07213293166006143,0.05861153586843704,0
1760316779.7937894,1265,0.12268728328567771,-0.07187292804288507,0.05570449498810354,0
1760316779.8581119,1266,0.14117864402089417,-0.07485216398064908,0.029428876897979184,0
1760316779.9262767,1267,0.12309958987168451,-0.07051736001011512,0.052407090605298634,0
1760316779.9899414,1268,0.12821768147828752,-0.0731570027802182,0.04983669945340802,0
1760316780.0579681,1269,0.14663897302054119,-0.08857387985318986,0.027617854985958812,0
1760316780.1261892,1270,0.14089969030289562,-0.08678059277849509,0.04393495912929518,0
1760316780.189832,1271,0.1346722402313259,-0.07877520220492304,0.050528156685967274,0
1760316780.258035,1272,0.13589171297482094,-0.08079037631796654,0.04540333393941565,0
1760316780.3261726,1273,0.13534003379050577,-0.08374373051346011,0.045705610569752364,0
1760316780.3899755,1274,0.12423685681321178,-0.08975080085353981,0.05874881398348264,0
1760316780.5259774,1276,0.11593528496929476,-0.11216445989317253,0.06375451107007085,0
1760316780.6582878,1278,0.13551595545074885,-0.1316420371700739,0.016866058237741177,0
1760316780.7261477,1279,0.12052557137945458,-0.12325748205695888,0.06853900808337499,0
1760316780.7898922,1280,0.1242786679040787,-0.1302294895005602,0.05773235666293025,0
1760316780.8584542,1281,0.1397511442614992,-0.13662546225896738,0.019436645093177496,0
1760316780.926059,1282,0.13442631178543207,-0.1244187823540433,0.05675271059637893,0
1760316780.9898849,1283,0.1360529464318974,-0.10378579965595644,0.09102058033488558,0
1760316781.1901307,1286,0.15057788206860634,-0.1154375511600737,0.05223330607189408,0
1760316781.3256965,1288,0.15649122447395733,-0.09697229319734293,0.06597278799922712,0
1760316782.7900403,1310,0.15427916505616973,-0.09354050026073216,0.09474838578357939,0
1760316782.8581216,1311,0.15278556232844842,-0.08942016727112073,0.09868379651700071,0
1760316782.926149,1312,0.1656364346069788,-0.08021875882200435,0.08122116802277532,0
1760316783.1901734,1316,0.1702136716340613,-0.08439014282793172,0.07457117309654748,0
1760316783.2584214,1317,0.1597172684572119,-0.0769854727070465,0.07489453408894853,0
1760316783.3262215,1318,0.15189686321738874,-0.09217513472654057,0.06797235346337671,0
1760316783.3899345,1319,0.15122981317909656,-0.08949972868650938,0.065717273687386,0
1760316783.4580326,1320,0.15938475873420516,-0.10309635910370954,0.03483382749198083,0
1760316783.5260854,1321,0.15237020691228456,-0.08095173820735774,0.06430656101779508,0
1760316783.5899591,1322,0.1563257701184046,-0.07822927029660687,0.0648317680178907,0
1760316783.6581361,1323,0.15783841810727162,-0.06779268635110394,0.06250955327739416,0
1760316783.7262106,1324,0.1604974998129755,-0.05729301981386964,0.06153510455473815,0
1760316783.7899644,1325,0.16363621142457924,-0.05469559657126172,0.05801802644907772,0
1760316783.8580172,1326,0.16848189144627806,-0.06000939105102657,0.054743240821259476,0
1760316783.925949,1327,0.17273573654054641,-0.0654257778346787,0.05340687507700609,0
1760316783.9902349,1328,0.1696227879061645,-0.07457801246470587,0.04321430982613239,0
1760316784.0580444,1329,0.160634199581421,-0.051231083796132365,0.0714061404646753,0
1760316784.1263385,1330,0.15950876169891287,-0.0526803952502983,0.07133214850217134,0
1760316784.1901867,1331,0.1545460860738397,-0.05568230116442638,0.08862716495402873,0
1760316784.326281,1333,0.15584393552649678,-0.06482586798143689,0.10448352826035792,0
1760316784.3901446,1334,0.15992611175096016,-0.07054718399727433,0.1019802789742133,0
1760316784.4580069,1335,0.16292639335338305,-0.07410811429066086,0.09801678669845224,0
1760316784.5261886,1336,0.15555486834539034,-0.07009259746180502,0.10282251511372603,0
1760316784.5938764,1337,0.15393122353366873,-0.0704288317194135,0.10103800595031065,0
1760316784.6581624,1338,0.15357500865085516,-0.06700860812824211,0.10054941670394527,0
1760316784.7263322,1339,0.1543416763378079,-0.06958356883765016,0.10261076491537224,0
1760316784.793995,1340,0.15428713142697215,-0.07202432276484305,0.10675319378107193,0
1760316784.8579574,1341,0.15661389549014687,-0.0710886828041715,0.10521420834603462,0
1760316784.9260864,1342,0.16395167304876893,-0.08701294889225025,0.08560242765888587,0
1760316784.99389,1343,0.1612331932932603,-0.07501711111719328,0.10111256025996646,0
1760316785.0581493,1344,0.16456381176399323,-0.07439226721031475,0.10155149907738664,0
1760316785.1260734,1345,0.17260562262046358,-0.08902541939744521,0.07952863535029142,0
1760316785.1939332,1346,0.16468040262017547,-0.06887023219547583,0.1056128194363114,0
1760316785.258125,1347,0.16180137646197168,-0.06555259457471899,0.11083958784440529,0
1760316785.3262315,1348,0.169725972447411,-0.07901144018451423,0.09199743289469586,0
1760316785.3940406,1349,0.16059232168786428,-0.0610942174365392,0.11552952161269131,0
1760316785.458136,1350,0.15954564307197244,-0.05919958445675433,0.11731701209171658,0
1760316785.5259376,1351,0.17042339304292103,-0.08208731738191474,0.09442809701712607,0
1760316785.5938673,1352,0.16232331411305392,-0.06668416476346481,0.11406942116708846,0
1760316785.6582305,1353,0.16123833280714556,-0.06813406161409069,0.11502407202870032,0
1760316785.7266605,1354,0.15826660474625823,-0.06446756848037188,0.11994929738090929,0
1760316785.7941582,1355,0.1763999644025253,-0.08983929226515686,0.09447191241569339,0
1760316785.8579926,1356,0.1658958010789697,-0.06473294075928818,0.12317236455447159,0
1760316785.9259164,1357,0.16722222886457377,-0.06481641887635031,0.12425246105269966,0
1760316785.994221,1358,0.16595312332713016,-0.0636998583364902,0.12514737003324677,0
1760316786.0581486,1359,0.16711653104120405,-0.06332615504990227,0.12444053333095512,0
1760316786.1265194,1360,0.1663429685831134,-0.06181649085823479,0.12594962868912787,0
1760316786.1944,1361,0.1667075883971222,-0.061645450530839446,0.12465537747563343,0
1760316786.2582557,1362,0.16531635787253637,-0.061449311500563986,0.12572790967416708,0
1760316786.3263085,1363,0.16640851684151864,-0.06253517210092202,0.12587279791701203,0
1760316786.3942723,1364,0.16651500005775013,-0.06350338872575337,0.12487597034796072,0
1760316786.4582548,1365,0.1704741872377081,-0.06845405674321417,0.12127889086302851,0
1760316786.5263731,1366,0.1715336261994774,-0.07023776901058906,0.11939274556688939,0
1760316786.5939202,1367,0.16748083070717434,-0.06718154176119534,0.11960715483789328,0
1760316786.6576936,1368,0.16892135940025552,-0.06996366177648528,0.11578095951493417,0
1760316786.7261474,1369,0.16672807334602183,-0.06846602610318603,0.11457737985296401,0
1760316786.7938585,1370,0.16553631664664156,-0.06886063836505732,0.11426383655299838,0
1760316786.8577151,1371,0.16324384102090578,-0.0666027598333501,0.11476731981456562,0
1760316786.9262435,1372,0.16274790766941516,-0.06700427334295295,0.11470824818088804,0
1760316786.9938738,1373,0.16004196254088376,-0.06578696445838356,0.11626572473566976,0
1760316787.0577881,1374,0.16125237397703146,-0.06700282394224205,0.11557275595016722,0
1760316787.1260827,1375,0.1597884086134374,-0.0656916791472596,0.11676530033976354,0
1760316787.1942613,1376,0.15824063791657153,-0.06651453518807715,0.11736592905214069,0
1760316787.2578325,1377,0.1584428186544663,-0.06782818304888846,0.11828766936491827,0
1760316787.3264482,1378,0.14987781342505896,-0.06483007026138146,0.12111910301334144,0
1760316787.3942292,1379,0.1449673751371448,-0.06177035239984191,0.120921817440515,0
1760316787.45838,1380,0.14238119087214426,-0.06295677747978645,0.11925005746455344,0
1760316787.5296347,1381,0.13962097114736374,-0.06327236797666533,0.11740864426372385,0
1760316787.594186,1382,0.1383822194380557,-0.06249974905116806,0.11453089682985376,0
1760316787.6583803,1383,0.13755952103602254,-0.0625565400943752,0.11210722961846376,0
1760316787.7261662,1384,0.136424639245464,-0.06087729128060332,0.11102993347605072,0
1760316788.0580838,1389,0.14399738417139704,-0.062128757548129715,0.10475583077773498,0
1760316788.1268022,1390,0.14882515337457014,-0.06322610523155153,0.10215667717717983,0
1760316788.1941109,1391,0.15092054734629817,-0.06251419170389982,0.10088060547188912,0
1760316788.2585475,1392,0.1523769344831216,-0.062219864927217844,0.09986315581789373,0
1760316788.3268452,1393,0.1554089686940482,-0.06298853012890948,0.09748762532800878,0
1760316788.3941262,1394,0.16046706651824869,-0.06584214066852007,0.09581294414429048,0
1760316788.457872,1395,0.16240816444908215,-0.06611890782545551,0.09545552995119747,0
1760316788.5267584,1396,0.16064237899139439,-0.06358634528461887,0.09600674170168402,0
1760316788.5947387,1397,0.1600794460943574,-0.06303343523201055,0.09624779150301041,0
1760316788.6585991,1398,0.1590272740199092,-0.06246192216048213,0.09685376528235368,0
1760316788.7275903,1399,0.15923558317165515,-0.06277704034822101,0.09644521929385577,0
1760316788.8021553,1400,0.15926405043371802,-0.06336563638011691,0.09625764126048508,0
1760316788.86088,1401,0.15861551272792523,-0.06278847228783058,0.0965223765224335,0
1760316788.9265845,1402,0.1591246755211585,-0.06350939583338347,0.09613275009568167,0
1760316788.9945683,1403,0.160193071872013,-0.06429864555836393,0.09456697817472956,0
1760316789.0581753,1404,0.15932830010112323,-0.06303088266143753,0.09579281028080999,0
1760316789.1266875,1405,0.15718104583171932,-0.061565760570842704,0.09789413456177617,0
1760316789.194782,1406,0.1580828790204258,-0.062189823798167426,0.09711273874064802,0
1760316789.2579975,1407,0.16091702531714808,-0.06488326160284463,0.09569688410992472,0
1760316789.3271017,1408,0.15872257665175088,-0.06280498565091017,0.09721806080822618,0
1760316789.3942418,1409,0.15964196040936693,-0.06377452855400387,0.09631082857171142,0
1760316789.4586458,1410,0.15895182283886428,-0.06432397296216794,0.0968426861241099,0
1760316789.5261562,1411,0.15771654927230833,-0.0629257466413769,0.09830175705096092,0
1760316789.59421,1412,0.1589657115894752,-0.0645952058472373,0.0995134583844382,0
1760316789.6588707,1413,0.15817998678588252,-0.0618938666144756,0.1037279430220456,0
1760316789.7266877,1414,0.1603072995185018,-0.06328513966342192,0.10740202595867157,0
1760316789.794676,1415,0.16424869138735482,-0.06794471389092796,0.11015483557405947,0
1760316789.8579745,1416,0.1863465480489872,-0.08472630745086804,0.1019894105670433,0
1760316789.9259286,1417,0.16625799369056787,-0.048870144294442586,0.13753112561015088,0
1760316792.4626398,1455,0.17440227252738016,-0.07240543586608492,0.07005275980120138,0
1760316792.5265641,1456,0.16829752526763664,-0.06985517539878089,0.07433281637675859,0
1760316792.5938132,1457,0.16954373146734086,-0.0766712983429656,0.06938388829199302,0
1760316792.6618228,1458,0.16980413615016415,-0.07551572675886795,0.06955631766099368,0
1760316792.726121,1459,0.17152196827896593,-0.07770478358114591,0.06821276421174377,0
1760316792.7937217,1460,0.17159282397370343,-0.07593367512591478,0.06988540195348822,0
1760316792.8626337,1461,0.17394808247716154,-0.07674595989702906,0.06766541306330842,0
1760316792.9264722,1462,0.17157991407932,-0.07464546311820883,0.0685100517329526,0
1760316792.9941287,1463,0.1738748920584023,-0.07654899847520766,0.06859574384740419,0
1760316793.062757,1464,0.17377141793144021,-0.07557102594556414,0.06867422358817232,0
1760316793.1270602,1465,0.17532227035406767,-0.07571175705099001,0.0688679165132392,0
1760316793.194404,1466,0.17434060340897733,-0.07524973513021824,0.07053059655977034,0
1760316793.262625,1467,0.17509099673569903,-0.07311594269385563,0.07072661951603959,0
1760316793.3263724,1468,0.1750377844655419,-0.0739713912771931,0.07056340144949255,0
1760316793.3940125,1469,0.1771934588300501,-0.07598668254846616,0.06786131898014194,0
1760316793.4626515,1470,0.17673878193909545,-0.0756836211869226,0.06931451802675831,0
1760316793.5264432,1471,0.17902437986115866,-0.07727535736473692,0.06706595462874926,0
1760316793.5937638,1472,0.17671845160430596,-0.07598818231620941,0.06888161844498067,0
1760316793.6621776,1473,0.17640195696797495,-0.0748355427504041,0.06800950307730363,0
1760316793.726045,1474,0.1786265295994366,-0.07647147160976864,0.0679602760676821,0
1760316793.7941446,1475,0.18036180554267028,-0.07748356635014955,0.0660803667477336,0
1760316793.8622067,1476,0.1777999436033226,-0.07552260181060186,0.06723210613583777,0
1760316793.9259741,1477,0.1771309221407226,-0.07493045476279345,0.06759310902678697,0
1760316793.9938202,1478,0.1784029021159086,-0.07634911916687356,0.0676296833841302,0
1760316794.0622547,1479,0.17968065985508058,-0.07737409209314564,0.0657110286974206,0
1760316794.1262543,1480,0.18003859385944132,-0.07713149262017352,0.06477018875974877,0
1760316794.194065,1481,0.17790994423477874,-0.07484470080918942,0.06661485887401225,0
1760316794.2624507,1482,0.17798439392098708,-0.07355962948931061,0.06627222078822675,0
1760316794.326339,1483,0.17940556493527407,-0.07611122439922408,0.06575013773058386,0
1760316794.3939352,1484,0.1771894623271697,-0.07497165360360711,0.06669377238036639,0
1760316794.461948,1485,0.17922314590271965,-0.07700061158917626,0.0672205468858359,0
1760316794.5264523,1486,0.17766431025727566,-0.07448234176656623,0.06794144868877372,0
1760316794.5940697,1487,0.17789990904093123,-0.07431089620899306,0.0678856170183533,0
1760316794.66272,1488,0.17777482234052028,-0.07464727958839071,0.06751889134611988,0
1760316794.7261152,1489,0.179588553413232,-0.0766196679055614,0.06584650726006294,0
1760316794.7945669,1490,0.18005185245181837,-0.07659661929071429,0.06595639406022341,0
1760316794.8624845,1491,0.18078314728611403,-0.07830082179739523,0.0642464211181345,0
1760316794.9259968,1492,0.18002877521125196,-0.07795074817657632,0.06489850975370981,0
1760316794.9939296,1493,0.17746335861290474,-0.07456580591609827,0.067787987954575,0
1760316795.0622234,1494,0.17957674456922848,-0.07722346523035944,0.06526047864469925,0
1760316795.125891,1495,0.18070051029121792,-0.07715790098543565,0.06385015297743213,0
1760316795.1943297,1496,0.1785245331123986,-0.07654629910767363,0.06508738163689815,0
1760316795.262552,1497,0.179678230690476,-0.07726308471721771,0.06499699704408646,0
1760316795.3266542,1498,0.1819103090592164,-0.07944508329354955,0.06264321181924537,0
1760316795.3949134,1499,0.18170263707459475,-0.08064240437893919,0.06595949761365025,0
1760316795.4630826,1500,0.17942451113235355,-0.08434765699755276,0.06611307642612124,0
1760316795.5272336,1501,0.18706298607064864,-0.09584681962985231,0.0621336965425498,0
1760316795.5941205,1502,0.1792237743546321,-0.091901014173919,0.06575437390156574,0
1760316795.662442,1503,0.16816421531217463,-0.07984852927600583,0.07170219407728573,0
1760316795.7269096,1504,0.17237671225538875,-0.08334135069441775,0.06844510173747448,0
1760316795.795074,1505,0.17195793883638022,-0.0802460468955988,0.06826428298005599,0
1760316795.8623755,1506,0.17122768071190214,-0.08095189240354375,0.0672793628550735,0
1760316795.9260228,1507,0.17179206884132406,-0.08165269666711908,0.06706437420078443,0
1760316795.994977,1508,0.17459399091925462,-0.08410483762724266,0.06426576637632386,0
1760316796.0623345,1509,0.18629858074435246,-0.09240367274432287,0.05655031262325183,0
1760316796.1264765,1510,0.17824898997935473,-0.08179034523743459,0.05966117425670742,0
1760316796.1940503,1511,0.17598013519341701,-0.07734991310797976,0.060499161079257846,0
1760316796.2632086,1512,0.17620363364559607,-0.07700304122131868,0.06018809661567359,0
1760316796.326588,1513,0.17869600548753967,-0.07919296717095498,0.059671504189593216,0
1760316796.3945718,1514,0.17877239709869663,-0.07872039037758505,0.06074741595714778,0
1760316796.4625645,1515,0.18019866862385406,-0.08029488575470697,0.06017102383156925,0
1760316796.5266628,1516,0.17987554317170407,-0.07798796496787525,0.06023513537466069,0
1760316796.595078,1517,0.18047653413584858,-0.07928341739305225,0.05701641833033333,0
1760316796.6627123,1518,0.18296697955910193,-0.07953814103225848,0.05399297661023594,0
1760316796.726956,1519,0.1847509395866665,-0.07971058948840004,0.052095980229474204,0
1760316796.7946439,1520,0.18427468907619654,-0.08466366044791124,0.05337650572759367,0
1760316796.8625245,1521,0.1857972439713576,-0.08587034386848616,0.051921490391956704,0
1760316796.9263437,1522,0.18921723340364233,-0.09263929929199063,0.046914439353552495,0
1760316797.1306977,1525,0.18691862693312003,-0.103467462995843,0.04563221093315617,0
1760316797.1943176,1526,0.17981948959719482,-0.10259865765764542,0.06140494717270334,0
1760316797.2622092,1527,0.1770511434171396,-0.10288382527179002,0.0631031905806683,0
1760316797.3304489,1528,0.17206854201021277,-0.10657440800204934,0.0742039580749295,0
1760316797.3943532,1529,0.1703207397096733,-0.10253502323457675,0.0792089736204426,0
1760316797.4624279,1530,0.17306295772369137,-0.10846732358168187,0.07041126505593617,0
1760316797.534284,1531,0.1721534101969396,-0.10472228121665111,0.07042514276445117,0
1760316797.59457,1532,0.1723700851531452,-0.10311913770384856,0.07137400573300601,0
1760316797.663517,1533,0.168450555361029,-0.10136518610364723,0.0753185654504609,0
1760316797.7311554,1534,0.1676346569777664,-0.10082257415540463,0.07575010792595085,0
1760316797.7953026,1535,0.1649107360465364,-0.09922897951147763,0.07369295742724535,0
1760316797.8620362,1536,0.16304483929766395,-0.10000751402538643,0.07175291091000757,0
1760316797.9313593,1537,0.1682667342101138,-0.11419163081690097,0.04383746137443201,0
1760316797.9950085,1538,0.16775414921823747,-0.11308332378613487,0.04527684020962286,0
1760316798.06317,1539,0.16405690305596454,-0.09829566336325934,0.0655049530774594,0
1760316798.130497,1540,0.17004076506525323,-0.11175989915597215,0.045437218017157666,0
1760316798.1944695,1541,0.16372182636521515,-0.09929960119463044,0.06631706716019647,0
1760316798.262742,1542,0.16413206878061815,-0.09708090458922375,0.0658469064365966,0
1760316798.3300846,1543,0.16403857246872938,-0.09432930095538211,0.06706027002754417,0
1760316798.3950891,1544,0.17694754886241254,-0.1067726973998446,0.058877576736255044,0
1760316798.4625006,1545,0.17639403193128309,-0.10659373982166861,0.055028447153012416,0
1760316798.5299194,1546,0.18165495969333312,-0.10793011532507843,0.04879893322967288,0
1760316798.5952554,1547,0.16879294988908322,-0.0898927639093299,0.05616204596059654,0
1760316798.663208,1548,0.16801358003447983,-0.0890070204461833,0.05712244202198477,0
1760316798.7311268,1549,0.16982880849899512,-0.09335926607032749,0.05474806983923636,0
1760316798.7951386,1550,0.16897049380006543,-0.09374754044277506,0.056579144416356475,0
1760316798.8631392,1551,0.1642847814523718,-0.0896623440903136,0.0613984153776283,0
1760316798.9306176,1552,0.16318187076465454,-0.08860739693315539,0.06228826283831676,0
1760316798.994518,1553,0.1647687704988475,-0.08730814248726748,0.06169662211043961,0
1760316799.0625732,1554,0.1649634898421364,-0.0837761657057674,0.06323979325480986,0
1760316799.1304214,1555,0.16625320554866035,-0.0829454150898791,0.06383265956883974,0
1760316799.194547,1556,0.16477579357432226,-0.08084777812795729,0.06455747196691361,0
1760316799.2631652,1557,0.16410206137935995,-0.07906490602294614,0.0635172351630979,0
1760316799.3307784,1558,0.1638371122993522,-0.07849824777313993,0.06277285425698029,0
1760316799.39529,1559,0.1627681709384692,-0.07579356556994168,0.06190087230012817,0
1760316799.4628968,1560,0.16371381271091176,-0.07658404484284653,0.06165466359884833,0
1760316799.5313685,1561,0.16241539423444348,-0.07512064505625365,0.0621252480418423,0
1760316799.594394,1562,0.16294616056509578,-0.07547521775180827,0.06254661682630147,0
1760316799.6631713,1563,0.16411526475984073,-0.07614319640181749,0.06197085023062926,0
1760316799.731159,1564,0.16517883855231427,-0.0767789615081303,0.06281555254129989,0
1760316799.7944496,1565,0.16668833583778117,-0.07689778064043878,0.0630510576465673,0
1760316799.863131,1566,0.1671305862157903,-0.07804039275232566,0.061943290218224895,0
1760316799.9305575,1567,0.1678548059149462,-0.07832239669379007,0.06476716624105539,0
1760316799.995065,1568,0.17045372747985843,-0.07995377211513247,0.06405226754677731,0
1760316800.0630844,1569,0.1726806636567819,-0.08065214692008324,0.06536047573491027,0
1760316800.1310377,1570,0.1743294468632777,-0.07958052021006895,0.0692120407691916,0
1760316800.1950576,1571,0.1760101861056811,-0.07903582131996875,0.06913650897144807,0
1760316800.262463,1572,0.17440995490168487,-0.07603308645890994,0.07033598433331939,0
1760316800.3303812,1573,0.177553917415251,-0.07913018028081942,0.06905208286714465,0
1760316800.3943734,1574,0.17654722928903344,-0.07846074870957007,0.06889532322815389,0
1760316800.4629118,1575,0.17660510357269493,-0.07791895047211883,0.07106489794441626,0
1760316800.5304458,1576,0.17539444085750389,-0.07695123074957283,0.0715416386004995,0
1760316800.5945196,1577,0.17702259421291458,-0.07890791571133163,0.0712134481965879,0
1760316800.6624422,1578,0.17736629106965618,-0.07942642545604653,0.07176447640064729,0
1760316800.730526,1579,0.17757866420763177,-0.07988332345455687,0.07392038459575995,0
1760316800.7950633,1580,0.1800373068377646,-0.08199602777056861,0.07357217323602058,0
1760316800.8624003,1581,0.18121963101855787,-0.0814095669343573,0.07335173713660523,0
1760316800.930346,1582,0.17939055107814417,-0.07804611072764794,0.078556097693296,0
1760316800.9950647,1583,0.18344408057182135,-0.08129437435033438,0.07805290377815335,0
1760316801.0631413,1584,0.185616613990297,-0.08326958414955185,0.0799104607103632,0
1760316801.1304832,1585,0.18747773729916187,-0.08112727128413724,0.07953538818130773,0
1760316801.1948655,1586,0.18826698955077026,-0.07859919908521462,0.08217299811184664,0
1760316801.262852,1587,0.20651777791810141,-0.09460085331804655,0.0752806300776463,0
1760316801.330389,1588,0.19480077344021052,-0.07913252477840474,0.08346110186609867,0
1760316801.395,1589,0.19595875217855074,-0.07768093509828294,0.08460394046414277,0
1760316801.4631083,1590,0.19531526997338486,-0.07335601497677616,0.08621370418954552,0
1760316801.5305195,1591,0.19637428273461682,-0.07413838814171528,0.08571962446452663,0
1760316801.5946155,1592,0.19623898596214454,-0.07239865132419704,0.08650364764486862,0
1760316801.6625366,1593,0.19747791189566644,-0.07287150106076776,0.08500380064310417,0
1760316801.731234,1594,0.19725540358883822,-0.07187553547142572,0.08425700764802768,0
1760316801.7984574,1595,0.1987641806704345,-0.0722422742179103,0.08387856748494424,0
1760316801.862544,1596,0.20094798499262065,-0.07336602441936713,0.0839722427168002,0
1760316801.9311926,1597,0.20122984331225727,-0.07399177205978086,0.08396298699663463,0
1760316801.9952466,1598,0.2038017030781407,-0.07518569693666624,0.08330886783427088,0
1760316802.0624566,1599,0.20375680944442193,-0.07377368608868687,0.08335813441998147,0
1760316802.1305437,1600,0.2035565306755332,-0.07252383288368949,0.08365688238066993,0
1760316802.1952815,1601,0.20408447373524843,-0.07210807488127499,0.08332928301737164,0
1760316802.2631772,1602,0.2058546150848339,-0.0729514098235976,0.08223883344872407,0
1760316802.3305998,1603,0.20588196032096637,-0.07204767296926287,0.08313634429694677,0
1760316802.395182,1604,0.20567539108966376,-0.07086988345095574,0.08554299280244176,0
1760316802.4632792,1605,0.20634493799630488,-0.07292789499124208,0.0849638988751493,0
1760316802.530581,1606,0.20629567885030853,-0.07389245465992803,0.08392442398753869,0
1760316802.5946286,1607,0.202318256906324,-0.07442518914554597,0.08542855902446486,0
1760316802.6626773,1608,0.20012585618047865,-0.07611830733110544,0.08464942648758575,0
1760316802.7305171,1609,0.19378787750521304,-0.07272666510607306,0.08635175244818086,0
1760316802.7945275,1610,0.18752232059360835,-0.0682841139569196,0.08894610541207554,0
1760316802.863311,1611,0.1833434605629245,-0.06720905014787201,0.08980258743663555,0
1760316802.9304342,1612,0.1820994328660357,-0.0681778664985826,0.0862032581412335,0
1760316802.9941359,1613,0.17944297130390818,-0.06824131097869793,0.08438893561918215,0
1760316803.0627615,1614,0.17697595714119535,-0.06890590298082497,0.08356931549601518,0
1760316803.1307194,1615,0.1735487374953002,-0.0662814747138937,0.08465985528380063,0
1760316803.194535,1616,0.17209867845787824,-0.06490706101875668,0.08587609961768941,0
1760316803.2625673,1617,0.17193648343721585,-0.06536481415964968,0.08532783161731489,0
1760316803.3305213,1618,0.17104416947066664,-0.06477227051707918,0.08594722735670049,0
1760316803.3985434,1619,0.17112346686895014,-0.06504642758130019,0.08661001180808686,0
1760316803.462463,1620,0.16980846138050876,-0.06387806143456709,0.08642003191561975,0
1760316803.5304942,1621,0.16805770791235175,-0.06345829600396344,0.08714656415674052,0
1760316803.5985124,1622,0.1664109022007238,-0.06222260759790896,0.08765408997491717,0
1760316803.6624923,1623,0.16759175952011096,-0.06414806478070603,0.08415258205876794,0
1760316803.7303123,1624,0.1670472504879825,-0.06145588237402394,0.08277262621196782,0
1760316803.7984533,1625,0.166297419195236,-0.05801573912307259,0.08286058370069901,0
1760316803.862359,1626,0.16593059118386977,-0.057217987811794185,0.08093552324088676,0
1760316803.9305499,1627,0.16526626985111967,-0.0565810595792576,0.07960505677184818,0
1760316803.9985242,1628,0.16464692616385648,-0.055452801613466635,0.08068453330884412,0
1760316804.0633283,1629,0.1641245923191805,-0.05423203043219882,0.07987291993666298,0
1760316804.1313322,1630,0.16397219158482634,-0.0544083970512918,0.07931868665717196,0
1760316804.199406,1631,0.16420273911755456,-0.05459980422726235,0.07951757536386414,0
1760316804.2636561,1632,0.1648025258126782,-0.055409396014788864,0.07831062899473923,0
1760316804.331298,1633,0.16425531429970083,-0.05465145637215543,0.07908740775038975,0
1760316804.3986347,1634,0.16511669241838162,-0.05453557347430141,0.07809812674460517,0
1760316804.463411,1635,0.16624872447773054,-0.05488739418235564,0.07781708911119728,0
1760316804.531419,1636,0.1666424985802294,-0.054920043351315284,0.07653325142432468,0
1760316804.5994163,1637,0.16555939114911367,-0.05386964754082929,0.07776250345865166,0
1760316804.6633582,1638,0.16724153781413525,-0.055063414739009775,0.07586370415817337,0
1760316804.7312877,1639,0.1676343452301458,-0.05467322154053575,0.07610914438657557,0
1760316804.799604,1640,0.16722480602376633,-0.05489129026598624,0.07749180093654831,0
1760316804.8633063,1641,0.1666390059673432,-0.053778991725803665,0.07857922921248223,0
1760316804.9307332,1642,0.16747094568758636,-0.05400842682230861,0.0782237076381212,0
1760316804.9995658,1643,0.16794788729290344,-0.05618399368937904,0.07726371706165519,0
1760316805.0625503,1644,0.16856946945781734,-0.056300907405329836,0.07853447212336365,0
1760316805.131397,1645,0.1686429932983858,-0.0562363914652288,0.07971147696330258,0
1760316805.1993067,1646,0.16937429831639952,-0.05727572368963055,0.07953022750593133,0
1760316805.2645524,1647,0.16876133008881825,-0.05691614671801448,0.07955747541288066,0
1760316805.3314629,1648,0.16996397785624273,-0.05862625330826382,0.07942129560769004,0
1760316805.3985722,1649,0.17078271878069085,-0.05859279421831565,0.08052353732924994,0
1760316805.462709,1650,0.17008849195783693,-0.05822152898771987,0.08078624261141448,0
1760316805.530499,1651,0.17068964858785007,-0.05906255439812946,0.08023962381539304,0
1760316805.5985854,1652,0.1700782024167034,-0.05763870846900557,0.08107533095845426,0
1760316805.6625388,1653,0.17264493650282423,-0.05817253116421711,0.07938993757210586,0
1760316805.7306242,1654,0.17231037515645434,-0.0584664513259113,0.07887314735050321,0
1760316805.7985046,1655,0.17257040309119875,-0.05844381438123478,0.07884110461663502,0
1760316805.8624482,1656,0.17424605659152173,-0.0573114903731686,0.0767850668598839,0
1760316805.9304755,1657,0.17608739117421085,-0.05348447792435043,0.07476372910438728,0
1760316805.9985635,1658,0.17635934388392802,-0.050717248334848336,0.07152915443465829,0
1760316806.4624228,1665,0.15331544226312227,-0.008457609774541297,0.0376417724599763,0
1760316806.5306885,1666,0.15521376511313023,-0.007875554268885948,0.036870037856343685,0
1760316806.7985384,1670,0.15473101570511216,0.0003883588701298901,0.019107656324023836,0
1760316806.8626523,1671,0.14824745203233425,0.019199859822066095,0.034315952902071956,0
1760316806.930531,1672,0.15641107265031612,-0.003484405522831302,0.019860743125887426,0
1760316806.9985793,1673,0.15820566439030492,-0.00489454281782864,0.022829356500489312,0
1760316807.0624876,1674,0.1594890277026298,-0.005739024883012145,0.024591788500994666,0
1760316807.1306798,1675,0.1648567272041503,-0.009581564978212415,0.02206223040126043,0
1760316807.1986537,1676,0.1694900993347901,-0.011536586014182282,0.020575265538678916,0
1760316807.2625885,1677,0.1729347438495581,-0.014072039964461602,0.017663572818619494,0
1760316807.3305218,1678,0.17520322870967936,-0.014679891043682003,0.01604456350007258,0
1760316807.398799,1679,0.1773846753566834,-0.013634326052638535,0.015351602003904147,0
1760316807.4626231,1680,0.17989700314492596,-0.011389100267587132,0.013290161189300098,0
1760316807.530672,1681,0.179295626998971,-0.00962785960198867,0.012400798479873298,0
1760316807.5986497,1682,0.18217797341575007,-0.011351977992063667,0.009284265244149159,0
1760316807.6625795,1683,0.18278406790293106,-0.0093883077818403,0.008433812331285262,0
1760316807.7304564,1684,0.18672453827436292,-0.013591785778320903,0.004320115903834687,0
1760316807.7986383,1685,0.18960843971608388,-0.013908586023048758,0.0011187294853509666,1
1760316807.8626823,1686,0.18869488798013512,-0.010202097557457435,0.00122146421475397,1
1760316807.9308226,1687,0.1905455980112915,-0.01152153654133986,0.00046555044582999305,1
1760316807.9988234,1688,0.17936942712195375,0.010624271137719521,0.017423591444529707,0
1760316808.062862,1689,0.19207105807384248,-0.011909702567554886,0.0020557686756509097,0
1760316808.1305716,1690,0.18950397934664784,0.007033415842627705,0.01729041020468025,0
1760316808.1988418,1691,0.2006438128035235,-0.012093685315197555,0.002750156369510509,0
1760316808.2776806,1692,0.20756337465580227,-0.013864153076508623,0.0019388765467866498,0
1760316808.3379867,1693,0.21280442624758028,-0.017439151117624396,-0.0010227410102903733,1
1760316808.4016154,1694,0.20932335319085346,-0.0144497348510019,0.0016837139616860952,0
1760316808.4632776,1695,0.2086736774214629,-0.01218811468892056,0.0034133621555754723,0
1760316809.3987386,1709,0.10711293065167618,0.016917374525347195,-0.013906160443253046,0
1760316809.5309503,1711,0.10554143544018027,0.018206529758532985,-0.010817271935569195,0
1760316809.6666079,1713,0.10741189078450741,0.01637974459406255,-0.006265490356149206,0
1760316809.7307498,1714,0.10839786223357106,0.016091293815358787,-0.0052892614698546725,0
1760316809.9982083,1718,0.11923001944046359,0.0034802615923511804,-0.008072727874283037,0
1760316810.066668,1719,0.13055140633762846,-0.012107049944800163,-0.022838777282396056,0
1760316810.130221,1720,0.12991197291143675,-0.00921695443056636,-0.02043434663202498,0
1760316810.2666078,1722,0.11295769567367749,0.018836737121941893,0.00311272062813972,0
1760316810.3299804,1723,0.12886262899530002,-0.012261798176759875,-0.029006971740551113,0
1760316810.3984272,1724,0.12683180425837526,-0.003589210350334812,-0.02852420664376004,0
1760316810.4665682,1725,0.1252309171135941,0.002635835736209277,-0.030582845268487813,0
1760316810.5306544,1726,0.12286235985797782,0.007017079558375813,-0.03252407753263392,0
1760316810.5985744,1727,0.12350052685596095,0.012972656541979724,-0.03243883531459524,0
1760316810.6664166,1728,0.12514440102752117,0.015804354357151634,-0.034540438496753256,0
1760316810.7306168,1729,0.1257626487305652,0.018830277320072884,-0.033387695235412795,0
1760316810.798635,1730,0.12941418686180678,0.017798297949851286,-0.037998667219136806,0
1760316810.8666348,1731,0.13096868794958608,0.012850474057140945,-0.04294402110094009,0
1760316810.9303102,1732,0.14335377101866836,0.004588720926902219,-0.058860005692821515,0
1760316810.9986398,1733,0.13283548179782756,0.006161520878326582,-0.043568222345511054,0
1760316811.066079,1734,0.13297802310157703,0.0010181396923229433,-0.04563663096520332,0
1760316811.1303725,1735,0.1320151130136252,0.0008962235012635045,-0.043951244450991966,0
1760316811.1986215,1736,0.13387671066759843,-0.0002525004011315335,-0.043614364263823924,0
1760316811.2661998,1737,0.1363678152109284,-0.003035256910521436,-0.04541606961662398,0
1760316811.3305182,1738,0.13677542120846312,-0.0045060312139975495,-0.04673836300280643,0
1760316811.3985538,1739,0.13065763563573848,0.0013063561474837074,-0.029777242094487066,0
1760316811.4666634,1740,0.13802056665393594,-0.012542775356904533,-0.04823607737716967,0
1760316811.5301337,1741,0.14038210708846477,-0.0170375626421582,-0.04990118758073647,0
1760316811.5986676,1742,0.13825752810972658,-0.01963850234067792,-0.050866822519820276,0
1760316811.66635,1743,0.13758176622205426,-0.021357713795565086,-0.052869369149923184,0
1760316811.7306828,1744,0.13954923927718965,-0.02253735222246092,-0.05573436326945258,0
1760316811.7984307,1745,0.13774163490785357,-0.021355629362643333,-0.05276443047747692,0
1760316811.866194,1746,0.13725602984000235,-0.017412236529086092,-0.05076295232743949,0
1760316811.9302247,1747,0.1339650284713098,-0.012113024142552484,-0.04467459505870852,0
1760316811.9988105,1748,0.12942034983433717,-0.007550142463471542,-0.04004299996579308,0
1760316812.0667863,1749,0.12591772876388163,-0.004059128490840315,-0.035309356438920414,0
1760316812.1304042,1750,0.12008452928861618,0.002219858231029985,-0.025098505977067587,0
1760316812.1983237,1751,0.11618242539467782,0.0037706405804726756,-0.020580405585979566,0
1760316812.2663398,1752,0.10448180827642031,0.017322979933175955,0.014739294855561302,0
1760316812.330734,1753,0.10825812983581723,0.0093034354053484,-0.007897036221418352,0
1760316812.398301,1754,0.10571131338879305,0.011536550353340676,-0.004283893059550292,0
1760316812.4667075,1755,0.1041867713471395,0.013299082522928603,9.543617801521798e-05,1
1760316812.5305488,1756,0.10010782713201334,0.01575479433533357,0.007298484274017802,0
1760316812.598744,1757,0.09937839669986658,0.01590954621771804,0.010107499687454224,0
1760316812.6662242,1758,0.09664315457476669,0.016708820669755587,0.013527756101269328,0
1760316812.7302735,1759,0.09300767222307017,0.018076179060957577,0.01835820385038478,0
1760316812.7983167,1760,0.09193443919033215,0.018539566952773423,0.01935769798257375,0
1760316812.8671007,1761,0.08731899449579399,0.020328680957298763,0.023442348996305207,0
1760316812.9308567,1762,0.08595931533621391,0.02056647985478393,0.023292940959392605,0
1760316812.9987404,1763,0.08337181083243374,0.02129774966379884,0.02448230975024318,0
1760316813.0669007,1764,0.08078403630911642,0.020432597842972168,0.02817504344534094,0
1760316813.1305184,1765,0.07871437471579304,0.021065335702661586,0.029568278412705595,0
1760316813.1985354,1766,0.07790048480613965,0.020937418828080666,0.029052878350162348,0
1760316813.2669523,1767,0.07562491440003535,0.021729732840405646,0.030415302765361585,0
1760316813.3306875,1768,0.07218813089555008,0.021508223883593865,0.033330752623276894,0
1760316813.3988755,1769,0.06980784071451551,0.021821449121976207,0.03423799466095667,0
1760316813.4668164,1770,0.06915320793155752,0.021628390821028305,0.03305277819944108,0
1760316813.530794,1771,0.06757602975362617,0.022375923841115686,0.033743402628172714,0
1760316813.5989237,1772,0.06719060902398746,0.022024113768408207,0.03501564996263601,0
1760316813.6667962,1773,0.0671183916347687,0.022206314062668094,0.03578988725139726,0
1760316813.7309735,1774,0.06529915641386488,0.022857954447575424,0.03792862943396541,0
1760316813.7988994,1775,0.04951046183638988,0.02992288192175021,0.07635079971355957,0
1760316813.866753,1776,0.06258099635988545,0.02101197645598995,0.04035140202038756,0
1760316813.930881,1777,0.06136580507518,0.021156943934873464,0.0420580241479635,0
1760316813.9985936,1778,0.06106427695899473,0.019697600173087026,0.0417166418643522,0
1760316814.066957,1779,0.06019549614998029,0.017927986493611252,0.04204798891348299,0
1760316814.1308715,1780,0.05961398559819059,0.018239621284195845,0.045367280061187676,0
1760316814.1988053,1781,0.060444387663057736,0.018223024306299407,0.042569471542980464,0
1760316814.2670758,1782,0.05972283041458831,0.01790953315272975,0.04289271526093025,0
1760316814.3310683,1783,0.05991747822438506,0.01798657040445014,0.042596618538757514,0
1760316814.3997447,1784,0.058908952996762826,0.01869394184059005,0.043033638801942886,0
1760316814.4670968,1785,0.04306077502636296,0.025344640017204385,0.0834336803212512,0
1760316814.5307095,1786,0.057983079915275876,0.018504111606812798,0.04506585125895246,0
1760316814.5990303,1787,0.03807972317976421,0.02410604668050899,0.08474758717069591,0
1760316814.667102,1788,0.057760534110604556,0.017936941861006243,0.04550766296733333,0
1760316814.7309916,1789,0.05803383442306034,0.018452916045397567,0.04468617166387068,0
1760316814.799804,1790,0.03860320952916935,0.02319752273290748,0.08344521925137283,0
1760316814.8668487,1791,0.03970269934705861,0.02428529917725971,0.08476015414454924,0
1760316814.931064,1792,0.055368970354873426,0.01832893758291007,0.04737456511639848,0
1760316814.9991422,1793,0.041939443361193374,0.025492193357249955,0.08653258221692295,0
1760316815.0669553,1794,0.05516110015912651,0.018960265501332223,0.04631212028635223,0
1760316815.1309464,1795,0.03553658161582751,0.024671709127602047,0.08483404936567296,0
1760316815.1998549,1796,0.05185593963550367,0.01895436281023715,0.047494006753219964,0
1760316815.267884,1797,0.035303528345100116,0.025441320918848077,0.08389836142975654,0
1760316815.3316293,1798,0.05056601008000902,0.01900727563234323,0.04694609694307761,0
1760316815.3990786,1799,0.05089818142262495,0.018651950089051485,0.04679293474078122,0
1760316815.466995,1800,0.050164075925977186,0.018644389914904615,0.0470797221703923,0
1760316815.5310278,1801,0.0494986353182916,0.01984619089320258,0.0478711290660801,0
1760316815.5996811,1802,0.05010016556198252,0.018858011151871062,0.044636004117535655,0
1760316815.667561,1803,0.049115098742812974,0.018871254501378047,0.04550217326855632,0
1760316815.7315087,1804,0.029901611908753817,0.025544800577391422,0.08705357216186238,0
1760316815.7988505,1805,0.04806895921130219,0.01983266598644755,0.04395482667042677,0
1760316815.8669288,1806,0.04843601891761595,0.02007772349735753,0.04445508218245592,0
1760316815.934536,1807,0.04647533927310332,0.02045682312255987,0.04650776020293179,0
1760316815.9996796,1808,0.04817163422222848,0.019828254530012704,0.04531433097008036,0
1760316816.0673048,1809,0.04731380340612071,0.020761221406643163,0.04528829445031052,0
1760316816.1358216,1810,0.04742361158466746,0.021294499151686627,0.04412429500927634,0
1760316816.1997795,1811,0.04660955183590401,0.02126034050350068,0.04440066930335895,0
1760316816.2670615,1812,0.049590133244472784,0.019933076093661926,0.04263262743020618,0
1760316816.335095,1813,0.031053554053413035,0.027391504812218238,0.0825793307686174,0
1760316816.3988173,1814,0.029768995335818504,0.02783460815888604,0.08507396456495236,0
1760316816.4678867,1815,0.02879594645990885,0.026074554080270596,0.08318162750809066,0
1760316816.5350025,1816,0.026148765799981266,0.026494168247552553,0.08547220881484474,0
1760316816.5998113,1817,0.0461433466593128,0.020378757570224698,0.04437628044513636,0
1760316816.667847,1818,0.0454165691410153,0.020688408045969033,0.04542759136411417,0
1760316816.735742,1819,0.047114070912694594,0.02053794193244357,0.04314084278674585,0
1760316816.799792,1820,0.045633178444443506,0.021571622156239145,0.044840697183487765,0
1760316816.8678195,1821,0.04446597444116332,0.02072434621560775,0.045940030681524524,0
1760316816.9349608,1822,0.04609141124384092,0.020297543471964073,0.04385813076417855,0
1760316816.9989355,1823,0.04633034429473776,0.0209723142601064,0.04393276329340584,0
1760316817.067697,1824,0.04554106145522152,0.021933163836401096,0.043206601493055885,0
1760316817.1357589,1825,0.04735284855348881,0.02164302492315843,0.0407600145127619,0
1760316817.1995058,1826,0.04542754757056791,0.021837920966754618,0.042933575336558505,0
1760316817.2677307,1827,0.04598149657667014,0.021981228493627825,0.04215001401272794,0
1760316817.3349748,1828,0.04601596296302582,0.021806375119233376,0.04326015905642061,0
1760316817.3995636,1829,0.027670664724507077,0.0287177716672366,0.08263703292657004,0
1760316817.4674354,1830,0.045592226801588254,0.022489147595714666,0.04392131793510695,0
1760316817.5356872,1831,0.04720685119594631,0.02282167214802757,0.04221241556631217,0
1760316817.5989664,1832,0.047009559751615054,0.022947596767245254,0.04261918065866205,0
1760316817.6670702,1833,0.047545349497786715,0.022790591832263035,0.03993489208811135,0
1760316817.7348518,1834,0.04824701313149371,0.02321154475559604,0.039291995932506874,0
1760316817.7990923,1835,0.04695882639351032,0.023744185702231087,0.041967649716344535,0
1760316817.867686,1836,0.04766029949875594,0.023984363720765147,0.04049492090888235,0
1760316817.9351196,1837,0.048324893869027996,0.024213544145586387,0.039213127050711394,0
1760316817.9988902,1838,0.047699194976528525,0.02459037901171196,0.039625889332950304,0
1760316818.0669963,1839,0.047789186443177034,0.024103951244606223,0.03835873454919164,0
1760316818.1357033,1840,0.0481266256379638,0.025754798021909036,0.03779070430447046,0
1760316818.199776,1841,0.04908431690113618,0.02483265972965199,0.03712038227205411,0
1760316818.2667198,1842,0.02997039519806982,0.030948488521117618,0.07777538372103848,0
1760316818.3355134,1843,0.057298435994544455,0.020262863290426546,0.029268851156438236,0
1760316818.3998477,1844,0.05155433559959807,0.021835621818291157,0.03717874678303629,0
1760316818.4676476,1845,0.06326048750069876,0.016376960360215787,0.017737238373650377,0
1760316818.5354931,1846,0.058701811694406025,0.017679100341129815,0.03455109007761148,0
1760316818.5990374,1847,0.04934244921382058,0.02205853120408011,0.04699884715634911,0
1760316818.66752,1848,0.05094335988996246,0.022971720404947174,0.0427663605937576,0
1760316818.7357635,1849,0.05247143084831207,0.022562870064213668,0.040381220352367964,0
1760316818.7996378,1850,0.051996212398820824,0.024188225249766757,0.04248502075695998,0
1760316818.867477,1851,0.051748111882683856,0.025417678140890087,0.04316626520649863,0
1760316818.935399,1852,0.05637649209754578,0.025731997887712774,0.03599435458743222,0
1760316818.9994934,1853,0.05659886834707231,0.027152718693134077,0.03535619497452841,0
1760316819.066616,1854,0.05645074189934832,0.02882757844348275,0.033694013280969715,0
1760316819.1355777,1855,0.05658752536268705,0.031063879968606316,0.03229087500764721,0
1760316819.1995068,1856,0.05694797239037094,0.032623052330038635,0.02959613093200114,0
1760316819.2670004,1857,0.05790930500822222,0.03396485551406489,0.02472851142727106,0
1760316819.3348575,1858,0.05748307416192544,0.035596789553374406,0.02239621683474652,0
1760316819.3997579,1859,0.055645121750536486,0.03892676496778268,0.02282815986943787,0
1760316819.466736,1860,0.05789145069946211,0.039856206566798676,0.019886174151150238,0
1760316819.534732,1861,0.05892037760240551,0.04110631370576498,0.01770511295345628,0
1760316819.5994108,1862,0.060420839273187366,0.04154045279962165,0.014874060506714859,0
1760316819.667682,1863,0.06024225829888727,0.041429404428552065,0.01449631582257832,0
1760316819.7348816,1864,0.06002838754300455,0.04118893491835106,0.014699671580155949,0
1760316819.7989168,1865,0.058624388704289127,0.04055642956547273,0.017142922044542597,0
1760316819.8669584,1866,0.05865755287356811,0.04015838670591921,0.01683711233542362,0
1760316819.934781,1867,0.058935168274847904,0.03979344461714088,0.017456178292011848,0
1760316819.999758,1868,0.05946284213031566,0.03861822307986544,0.020780579609569028,0
1760316820.067727,1869,0.06103309829560524,0.03740447659778327,0.01924808631104563,0
1760316820.134564,1870,0.06018585721478725,0.03750069113171528,0.021357567767007424,0
1760316820.199615,1871,0.06098375523829719,0.03655748980280163,0.01957788012029643,0
1760316820.2674904,1872,0.06052324112368321,0.036810331330987656,0.020599736877260855,0
1760316820.3357315,1873,0.06128659992481866,0.035866984939847676,0.020148836664935277,0
1760316820.3994856,1874,0.060638911541653184,0.036001429224276404,0.021144046074429823,0
1760316820.4676847,1875,0.06067684282827224,0.03527770283954917,0.022648707604837004,0
1760316820.535727,1876,0.06024145170712572,0.0350510149150758,0.02206847483312352,0
1760316820.5991826,1877,0.05921639271811982,0.03521776643291971,0.02360434688560048,0
1760316820.6677034,1878,0.059598653017747416,0.03491817362474698,0.024405074987157938,0
1760316820.734974,1879,0.059029426747449903,0.034502009812512474,0.02535387526661459,0
1760316820.799322,1880,0.0594213570390896,0.03445367199524256,0.025066035730172243,0
1760316820.8677192,1881,0.05881614126162704,0.03413505577591554,0.02600086465431467,0
1760316820.9357157,1882,0.06015307676862755,0.033691643955249546,0.02444211005882485,0
1760316820.9989483,1883,0.0591019282789039,0.03399787391314575,0.025399330122658437,0
1760316821.066918,1884,0.06057054922899277,0.03422015682023319,0.022466510915360782,0
1760316821.1356592,1885,0.05924211464102472,0.03433767401942067,0.023931425522053296,0
1760316821.1994903,1886,0.059793172568488206,0.033946286707634415,0.024401455867621213,0
1760316821.267002,1887,0.0605541862296195,0.03399052641093324,0.02359055584098929,0
1760316821.3353539,1888,0.05969437162679089,0.03468208779359562,0.02501821107413621,0
1760316821.3997993,1889,0.057609829450015165,0.03466558080436358,0.027859050117600093,0
1760316821.4675455,1890,0.05868694674646088,0.03423292010961079,0.026399017519159684,0
1760316821.5357926,1891,0.05922413305592791,0.034326768813720036,0.025365893687500418,0
1760316821.600118,1892,0.05902935097145026,0.03386496336464567,0.025677580517258047,0
1760316821.6671438,1893,0.05878986241211098,0.03383200814678769,0.026031167773485464,0
1760316821.7356272,1894,0.06041255416206845,0.0342595619224684,0.0230652465311717,0
1760316821.7996037,1895,0.05974831163380345,0.033922368988681575,0.025899045967755052,0
1760316821.8663056,1896,0.06124225973892722,0.03323257926001837,0.023571611270346404,0
1760316821.9350135,1897,0.05958336859970939,0.03348381629303847,0.025579530125779126,0
1760316822.0102413,1898,0.060847445347971624,0.03333615169345404,0.02284210235861933,0
1760316822.080444,1899,0.060023404203698255,0.03434508016850968,0.023501862503330917,0
1760316822.14491,1900,0.060427989864201115,0.034149796246764764,0.022100588444843305,0
1760316822.207547,1901,0.06136592745516037,0.03427001898149222,0.020121431539703305,0
1760316822.2716722,1902,0.06158141811102624,0.0346533154640763,0.017949032741672477,0
1760316822.335742,1903,0.06043748668212634,0.033887279040642135,0.021058496542759597,0
1760316822.4025948,1904,0.060253966454613395,0.03294365525140507,0.023222558943551797,0
1760316822.4674404,1905,0.05680534424880038,0.033532469373650106,0.030893279991928757,0
1760316822.5357735,1906,0.054102034118029385,0.03299533939099404,0.03575611061488937,0
1760316822.60303,1907,0.05325260626487405,0.03266091059513739,0.038638472813313784,0
1760316822.6675887,1908,0.05292743310628126,0.031115877018019523,0.04310812529984209,0
1760316822.7357194,1909,0.05193399449358793,0.028250376598429272,0.04796337800926126,0
1760316822.8030376,1910,0.05156089759106408,0.02598039055852059,0.050905805369265256,0
1760316822.8671553,1911,0.05168874332678522,0.02429133795318855,0.051898855645040654,0
1760316822.9349144,1912,0.05122733209655078,0.023094976477038204,0.055034216304304495,0
1760316823.0031006,1913,0.049739975329226055,0.02436303283434588,0.058938978511514195,0
1760316823.0676727,1914,0.04727945598225447,0.02416344963791143,0.06222425350461164,0
1760316823.1356163,1915,0.048126794979657106,0.02322048539348643,0.06233779317033589,0
1760316823.2037544,1916,0.048925493866348646,0.02485335590752035,0.0630352739220067,0
1760316823.2681994,1917,0.04609274275239844,0.02541256692680542,0.06723497907132803,0
1760316823.3350985,1918,0.046171148052747024,0.024399168522521462,0.06839172833743629,0
1760316823.4038665,1919,0.024692038742151368,0.028845198237010046,0.11078325080783574,0
1760316823.4676151,1920,0.02556952725763509,0.02900244117260828,0.1130324347842892,0
1760316823.535744,1921,0.0451311144779237,0.02345860023720569,0.07067502997118236,0
1760316823.6067047,1922,0.044038940767607365,0.022118699614288445,0.07421902959172394,0
1760316823.6701083,1923,0.04493934448139844,0.024078697679119236,0.07432645656728937,0
1760316823.7352722,1924,0.04423056479095089,0.022306612239899354,0.07472045196838695,0
1760316823.8037124,1925,0.043671789755385965,0.023006760093353888,0.0761513634384508,0
1760316823.8694293,1926,0.043203987257827814,0.023437727881995142,0.07639037887360317,0
1760316823.9358354,1927,0.04284959208513836,0.02428659126252175,0.07775915512133441,0
1760316824.0031705,1928,0.04275755587214641,0.02409915098941491,0.0779472845562828,0
1760316824.0685399,1929,0.041501452554671886,0.02378530647557145,0.08032000640156911,0
1760316824.1355455,1930,0.04377091937814723,0.02520342147436068,0.07904157215566354,0
1760316824.203136,1931,0.04389528771153256,0.023711678059916724,0.07500181389802951,0
1760316824.2670853,1932,0.04236375144296814,0.023978776268332308,0.08012318406898722,0
1760316824.3358898,1933,0.045651046273813084,0.02474867495913686,0.07782728709501685,0
1760316824.4029925,1934,0.04440324472238877,0.023478304179085134,0.07849274732045619,0
1760316824.4675896,1935,0.044013127875616426,0.023752018714117508,0.07841537949927685,0
1760316824.5349429,1936,0.04620825753067834,0.023136406565889153,0.07479861435842994,0
1760316824.6031735,1937,0.02655277749583826,0.028939325063971198,0.1253193104319575,0
1760316824.669836,1938,0.0467662813618681,0.023124832789383987,0.07965236599955,0
1760316824.7366145,1939,0.045660740374184744,0.022179089327909712,0.07897556181921278,0
1760316824.803155,1940,0.04726974604093373,0.021236239615526467,0.08043324701965104,0
1760316824.8676164,1941,0.04721730540336133,0.020522305542897065,0.07987257766159445,0
1760316824.9350564,1942,0.04736742096137045,0.02283142197006638,0.08027330988045173,0
1760316825.0031312,1943,0.04766632587624417,0.021658441709307273,0.07970577259893119,0
1760316825.0755854,1944,0.046761372980279686,0.021798227164186355,0.08032623278075501,0
1760316825.1418686,1945,0.04768219758635431,0.021827844359128122,0.07842056628761729,0
1760316825.2083776,1946,0.048655983266647135,0.023231453060363637,0.077515262473912,0
1760316825.2743225,1947,0.05035274437928544,0.023384249896129528,0.0723566427658845,0
1760316825.340005,1948,0.030568449291898864,0.030290432112694977,0.11513886634730769,0
1760316825.4054623,1949,0.04144849051928377,0.028174764153872323,0.11159615599714112,0
1760316825.4701471,1950,0.042165386854502857,0.02887003510070907,0.10191734044465423,0
1760316825.537436,1951,0.06463361844989912,0.026467630968649368,0.050936274409488,0
1760316825.6040971,1952,0.05415592468616939,0.035986986095191895,0.08287191751176831,0
1760316825.6700118,1953,0.07001412791466782,0.02679314847381955,0.0353174523964051,0
1760316825.7375824,1954,0.05472860034486732,0.034223220642074746,0.07311166238621875,0
1760316825.8039148,1955,0.069984116904355,0.028139557446694156,0.030331995388059363,0
1760316825.870943,1956,0.0718140342135157,0.027862280291232607,0.024001245647854608,0
1760316825.9375405,1957,0.07193495619910795,0.028576427112279906,0.02152384843774685,0
1760316826.0040019,1958,0.0720694947943434,0.028330095806439217,0.020228495501366295,0
1760316826.0684135,1959,0.07344765691505117,0.02786714348005675,0.016109447594814585,0
1760316826.1355922,1960,0.07412314267507128,0.02792666683790653,0.014035306943221915,0
1760316826.2031782,1961,0.07460817503441215,0.027650847398960732,0.011999304584264736,0
1760316826.2670658,1962,0.075430292197259,0.02739515527845999,0.010788658676232188,0
1760316826.3346953,1963,0.07586080618595165,0.026500895661770794,0.009830961356605383,0
1760316826.4027383,1964,0.0757820627941051,0.02623166532387341,0.009106249597753413,0
1760316826.4666119,1965,0.07626994693418224,0.02632725020364628,0.006470473223068818,0
1760316826.5345628,1966,0.06367199602821284,0.03543070476299395,0.04098699406677914,0
1760316826.6030118,1967,0.07814312388943456,0.024896623880542965,-0.0010162536144057155,1
1760316826.668374,1968,0.07760765066698623,0.02492468958343122,0.00015273392040154876,1
1760316826.7351222,1969,0.0780722276007833,0.02508350083773587,-0.0003749896100936345,1
1760316826.8025756,1970,0.07724579992103377,0.0250208635179389,0.001955355951517024,0
1760316826.8670652,1971,0.07825404288408558,0.024042340688799853,0.0010365213807130291,1
1760316826.9350965,1972,0.07915077732169433,0.022767864079367574,-0.002065056262564924,0
1760316827.0029652,1973,0.07958048518220058,0.022275170217861136,-0.004768167809417245,0
1760316827.0684228,1974,0.06801036471521561,0.03026506905682389,0.02908476585058778,0
1760316827.1351278,1975,0.06772198210633093,0.030790008242271405,0.029310190689673776,0
1760316827.2062244,1976,0.08009759309234402,0.02070775070864833,-0.0054981988885596245,0
1760316827.2700357,1977,0.08007672861948384,0.02035539025089867,-0.005940496720931943,0
1760316827.3352158,1978,0.06913689131533193,0.028683597044998687,0.02602050392728128,0
1760316827.4030638,1979,0.07989404946870857,0.01979072606148135,-0.007566289975056151,0
1760316827.4686928,1980,0.07975685543474104,0.019820750640623316,-0.0090550620133516,0
1760316827.535099,1981,0.07956100029336924,0.019198077698069894,-0.01076580089618051,0
1760316827.6029506,1982,0.07997296027180537,0.019880305695463056,-0.011298341955735869,0
1760316827.6665676,1983,0.07927878371348873,0.019739039280389684,-0.010534355833971165,0
1760316827.7349045,1984,0.07737851063531917,0.021163564538404726,-0.006861928204319079,0
1760316827.8030927,1985,0.07877268995873489,0.020281473521668654,-0.00961695014106595,0
1760316827.8670468,1986,0.0685300330139113,0.02939301822146472,0.02381981782227982,0
1760316827.9351048,1987,0.07989352252889356,0.020153249501273233,-0.010493460913233332,0
1760316828.0026963,1988,0.06901936826641719,0.029247402014321723,0.02256841109033908,0
1760316828.0668023,1989,0.06764228350848314,0.029309544558879345,0.025868520386500116,0
1760316828.1351094,1990,0.08022081556310695,0.019392503234127365,-0.011489762962942796,0
1760316828.202824,1991,0.06903921705600873,0.02975406269331985,0.024524463369570704,0
1760316828.2710996,1992,0.06848637535907386,0.028526000968424156,0.027428654636499905,0
1760316828.335414,1993,0.08051349995601217,0.0196845441491955,-0.008627513732469672,0
1760316828.4029555,1994,0.06797425299249162,0.029548073681802886,0.028948357536927205,0
1760316828.4717927,1995,0.07913358322583411,0.020586735949716092,-0.004987890196337108,0
1760316828.5364459,1996,0.07017707163061962,0.02917873820563807,0.02989957095773421,0
1760316828.6036773,1997,0.08066238488916795,0.01960311567475181,-0.0011519043580085486,1
1760316828.671931,1998,0.07890052849290677,0.020376459587583603,0.006926325835035663,0
1760316828.740754,1999,0.07676883073364352,0.02032199263703085,0.019995207501446788,0
1760316828.8027625,2000,0.07642495909054757,0.018264332522755118,0.02746427571998883,0
1760316828.871746,2001,0.07559938789501706,0.01640166014719394,0.034025881009982994,0
1760316828.9454718,2002,0.07468502427616434,0.014740773147631246,0.041200965280872026,0
1760316829.0063226,2003,0.07458325427725118,0.012871674995836392,0.0461337167980847,0
1760316829.070695,2004,0.07447640974216538,0.012249130420015644,0.05030146429001392,0
1760316829.1351995,2005,0.059131665585220344,0.016549087422973,0.09055935393873737,0
1760316829.2032402,2006,0.06475173999749263,0.02252147875160821,0.0847540266728265,0
1760316829.2711484,2007,0.06605583082656806,0.021500462926705082,0.07434153506614932,0
1760316829.3350093,2008,0.08162297650640502,0.015022828958082223,0.02374136965438728,0
1760316829.4032092,2009,0.08788109325557705,0.013293538076424,0.007564085477306082,0
1760316829.4712253,2010,0.08054674914311938,0.023884433236571936,0.03376905030162508,0
1760316829.5352192,2011,0.09349150517788908,0.012810654975490521,-0.0061412254238275565,0
1760316829.6031551,2012,0.09449109342476866,0.013480063714132804,-0.010397586137518622,0
1760316829.671193,2013,0.0812109134554814,0.023114333027236547,0.028349778572620554,0
1760316829.7350419,2014,0.08817327314926454,0.014478703558020481,0.003441830421486214,0
1760316829.8031363,2015,0.08536003776414158,0.01227137961764509,0.01541260102369546,0
1760316829.871219,2016,0.08302791387928174,0.01083435954499707,0.027791992765806017,0
1760316829.9350436,2017,0.07835505057047368,0.008415858210997829,0.04378919102888218,0
1760316830.003129,2018,0.07685384532583436,0.006326956679984487,0.0549164646663578,0
1760316830.0711768,2019,0.07421928714518189,0.0039043994141265276,0.06565369374007585,0
1760316830.1350954,2020,0.05759731659741803,0.006284712038992911,0.11228263593957793,0
1760316830.203201,2021,0.06619367952965623,0.01061918524738108,0.11187763828877428,0
1760316830.2710044,2022,0.08189573193265891,0.00457772295537601,0.04299714749834166,0
1760316830.334982,2023,0.0761812002278154,0.009633228560641145,0.050651028612547166,0
1760316830.4029164,2024,0.0777660070738092,0.0130568207686486,0.04107204769447553,0
1760316830.4711902,2025,0.07996065616913559,0.015981316866246792,0.02934947006720806,0
1760316830.535209,2026,0.06754574663295962,0.02518440767135164,0.06248078860895284,0
1760316830.6031618,2027,0.07163511278355204,0.025456699935250654,0.05470962543174873,0
1760316830.6711912,2028,0.0698857850510931,0.025793518503590553,0.05716677258796038,0
1760316830.734571,2029,0.07175132831423395,0.02546754957109814,0.059708098633784734,0
1760316830.802564,2030,0.08233145932866662,0.013652686938902977,0.024783748530721572,0
1760316830.8710964,2031,0.06673688506018087,0.021007786692446722,0.0720268921208782,0
1760316830.935152,2032,0.06757509928442292,0.0243773181050132,0.07425142188499345,0
1760316831.0039225,2033,0.07235373972808866,0.02108261208334449,0.07546591173954681,0
1760316831.071978,2034,0.07575706298171944,0.027069234925251113,0.07189261549779152,0
1760316831.4710963,2040,0.14280658698887078,-0.027595335336554033,-0.028357702929015294,0
